nom_ent,nom_mun,nom_loc,zona_id,zona_resguardo,loc_id,pobtot,lat_dd,lon_dd,cve_subcue,subcuenca,area_km2,altitud_msnm,pendiente_promedio_grados,pendiente_maxima_grados,tipo_relieve,distancia_al_cauce_principal_km,posicion_hidrologica,tiempo_concentracion_horas,indice_humedad_topografica,tipo_clima_koppen,precipitacion_media_anual_mm,temperatura_media_anual_c,heladas_historicas_promedio,uso_suelo_dominante,indice_combustibilidad,grado_marginacion,distancia_carretera_km,distancia_hospital_km,tipo_acceso_vial,poblacion_total_aguas_arriba
Hidalgo,Actopan,Actopan,ACT,Altiplano Tula–Actopan,1,32276,20.26908583,-98.94290056,RH26Dr,R. Actopan,1319.24 ,2007,3.182370171,10.01819148,MESETA,33.99591721,BAJA,6.12,12.90191359,Cwb,1146.885,16.26,12.7,PASTIZAL,2,ALTO,92.67880176,41.09547695,CARRETERA_FEDERAL,134957
Hidalgo,Actopan,Boxaxni,ACT,Altiplano Tula–Actopan,4,1543,20.34533306,-98.9444875,RH26Dr,R. Actopan,1319.24 ,2086,3.872663661,10.89184166,MESETA,41.36305295,BAJA,7.3,12.86245054,Cwb,1146.885,16.26,12.7,PASTIZAL,2,ALTO,95.82784555,49.56904944,CARRETERA_FEDERAL,165690
Hidalgo,Actopan,Chicavasco,ACT,Altiplano Tula–Actopan,10,3484,20.19691167,-98.95503806,RH26Dr,R. Actopan,1319.24 ,2078,7.169465539,21.26198759,MESETA,28.61985738,BAJA,7.18,13.31296101,Cwb,1022.7,14.45,15.2,AGRICULTURA_TEMPORAL,1,ALTO,91.71868248,33.25837848,CARRETERA_FEDERAL,163749
Hidalgo,Actopan,Cuauhtémoc [Colonia],ACT,Altiplano Tula–Actopan,9,1879,20.21138,-98.96474917,RH26Dr,R. Actopan,1319.24 ,2041,4.241508793,13.48285605,MESETA,30.47439469,BAJA,6.62,12.91375929,Cwb,1022.7,14.45,15.2,AGRICULTURA_TEMPORAL,1,ALTO,93.08274346,35.00735893,CARRETERA_FEDERAL,165354
Hidalgo,Actopan,Dajiedhi,ACT,Altiplano Tula–Actopan,11,2418,20.31278556,-98.94022139,RH26Dr,R. Actopan,1319.24 ,2060,3.852067751,10.17152296,MESETA,37.97403036,BAJA,6.91,12.7014415,Cwb,1146.885,16.26,12.7,PASTIZAL,2,ALTO,94.05425419,45.92306541,CARRETERA_FEDERAL,164815
Hidalgo,Actopan,El Boxtha,ACT,Altiplano Tula–Actopan,5,3034,20.26043194,-98.97430333,RH26Dr,R. Actopan,1319.24 ,1966,3.933214478,12.2117419,MESETA,35.19559751,BAJA,5.5,11.79322707,Cwb,1146.885,16.26,12.7,PASTIZAL,2,ALTO,95.50672836,40.55749323,CARRETERA_FEDERAL,164199
Hidalgo,Actopan,El Daxtha,ACT,Altiplano Tula–Actopan,12,2754,20.28033194,-98.97943917,RH26Dr,R. Actopan,1319.24 ,1959,4.222940072,12.01755819,MESETA,37.25700353,BAJA,5.4,12.08624982,Cwb,1146.885,16.26,12.7,PASTIZAL,2,ALTO,96.68815388,42.83155667,CARRETERA_FEDERAL,164479
Hidalgo,Actopan,El Huaxtho,ACT,Altiplano Tula–Actopan,14,3131,20.23459028,-98.96249583,RH26Dr,R. Actopan,1319.24 ,2002,4.937038236,19.16631375,MESETA,32.20642933,BAJA,6.04,12.79394521,Cwb,1022.7,14.45,15.2,AGRICULTURA_TEMPORAL,1,ALTO,93.51619234,37.52153969,CARRETERA_FEDERAL,164102
Hidalgo,Actopan,La Estancia,ACT,Altiplano Tula–Actopan,13,1715,20.31685833,-98.90385861,RH26Dr,R. Actopan,1319.24 ,2136,5.525477143,14.02146811,MESETA,36.65378828,BAJA,8.05,13.09577881,Cwb,1146.885,16.26,12.7,PASTIZAL,2,ALTO,90.70127658,46.26311296,CARRETERA_FEDERAL,165518
Hidalgo,Actopan,La Loma,ACT,Altiplano Tula–Actopan,15,1209,20.25696056,-98.93306639,RH26Dr,R. Actopan,1319.24 ,2014,4.822625083,14.22265674,MESETA,32.30317298,BAJA,6.22,12.81750618,Cwb,1146.885,16.26,12.7,PASTIZAL,2,ALTO,91.28752655,39.67244672,CARRETERA_FEDERAL,166024
Hidalgo,Actopan,La Peña,ACT,Altiplano Tula–Actopan,20,1122,20.26928167,-98.92058333,RH26Dr,R. Actopan,1319.24 ,2017,5.220995143,18.08813606,MESETA,32.76038858,BAJA,6.26,12.44035363,Cwb,1146.885,16.26,12.7,PASTIZAL,2,ALTO,90.47916904,40.98193387,CARRETERA_FEDERAL,166111
Hidalgo,Ajacuba,Ajacuba,ACT,Altiplano Tula–Actopan,1,8254,20.092525,-99.1221325,RH26Dj,R. Tula,2069.73 ,2153,3.01788711,7.447383796,MESETA,30.34663818,CABECERA,7.09,13.31935594,C(w),715.89,15.2,12.7,AGRICULTURA_TEMPORAL,1,ALTO,107.1595704,30.82165083,CARRETERA_FEDERAL,26129
Hidalgo,Ajacuba,San Nicolás Tecomatlán,ACT,Altiplano Tula–Actopan,6,2433,20.1805825,-99.03611,RH26Dj,R. Tula,2069.73 ,2193,5.784721871,19.34043989,MESETA,33.61411945,CABECERA,7.69,13.15435242,Cwb,1022.7,14.45,15.2,AGRICULTURA_TEMPORAL,1,ALTO,99.61033553,33.81084631,CARRETERA_FEDERAL,31950
Hidalgo,Ajacuba,Santiago Tezontlale,ACT,Altiplano Tula–Actopan,5,4558,20.16250167,-99.09987306,RH26Dj,R. Tula,2069.73 ,2114,2.366920027,6.758826833,VALLE,36.82371193,MEDIA,6.5,12.80851836,C(w),715.89,15.2,12.7,AGRICULTURA_TEMPORAL,1,ALTO,105.8091654,35.26501238,CARRETERA_FEDERAL,29825
Hidalgo,Ajacuba,Vicente Guerrero,ACT,Altiplano Tula–Actopan,3,1800,20.17216278,-99.05614944,RH26Dj,R. Tula,2069.73 ,2149,5.139177018,18.56660361,MESETA,34.68333441,CABECERA,7.03,13.12528473,Cwb,1022.7,14.45,15.2,AGRICULTURA_TEMPORAL,1,ALTO,101.4927783,33.85012712,CARRETERA_FEDERAL,32583
Hidalgo,El Arenal,El Arenal,ACT,Altiplano Tula–Actopan,1,3578,20.22142389,-98.91104556,RH26Dr,R. Actopan,1319.24 ,2043,4.39216167,12.46423783,MESETA,27.74175287,BAJA,6.66,12.91140706,Cwb,1022.7,14.45,15.2,AGRICULTURA_TEMPORAL,1,ALTO,87.95319003,35.63701209,CARRETERA_FEDERAL,163655
Hidalgo,El Arenal,El Bocja,ACT,Altiplano Tula–Actopan,2,1490,20.21231167,-98.91666944,RH26Dr,R. Actopan,1319.24 ,2054,5.0010207,13.46727639,MESETA,27.26386734,BAJA,6.82,12.95741314,Cwb,1022.7,14.45,15.2,AGRICULTURA_TEMPORAL,1,ALTO,88.2516695,34.63139872,CARRETERA_FEDERAL,165743
Hidalgo,El Arenal,El Jiadi,ACT,Altiplano Tula–Actopan,5,2672,20.2468575,-98.92915556,RH26Dr,R. Actopan,1319.24 ,2003,4.035375521,10.23714249,MESETA,31.14478304,BAJA,6.06,12.70768084,Cwb,1022.7,14.45,15.2,AGRICULTURA_TEMPORAL,1,ALTO,90.56295073,38.52556787,CARRETERA_FEDERAL,164561
Hidalgo,El Arenal,El Meje,ACT,Altiplano Tula–Actopan,6,1024,20.25939306,-98.91656056,RH26Dr,R. Actopan,1319.24 ,2041,6.437246848,24.43106984,MESETA,31.60107337,BAJA,6.62,12.92047422,Cwb,1146.885,16.26,12.7,PASTIZAL,2,ALTO,89.73305674,39.87102325,CARRETERA_FEDERAL,166209
Hidalgo,El Arenal,El Rincón,ACT,Altiplano Tula–Actopan,8,1029,20.27337972,-98.90521389,RH26Dr,R. Actopan,1319.24 ,2061,4.41219163,11.64849646,MESETA,32.36934198,BAJA,6.92,12.91324936,Cwb,1146.885,16.26,12.7,PASTIZAL,2,ALTO,89.11341658,41.42186294,CARRETERA_FEDERAL,166204
Hidalgo,El Arenal,La Manzana Uno,ACT,Altiplano Tula–Actopan,20,1009,20.20092083,-98.90576333,RH26Dr,R. Actopan,1319.24 ,2091,5.943480992,16.73609127,MESETA,25.56673747,BAJA,7.38,13.10387585,Cwb,1022.7,14.45,15.2,AGRICULTURA_TEMPORAL,1,ALTO,86.83065671,33.35556221,CARRETERA_FEDERAL,166224
Hidalgo,El Arenal,Ojo de Agua San José Tepenene,ACT,Altiplano Tula–Actopan,7,1823,20.18596417,-98.88727833,RH26Dr,R. Actopan,1319.24 ,2150,5.008649016,13.48228827,MESETA,23.08586542,BAJA,8.26,13.40442987,Cwb,1022.7,14.45,15.2,AGRICULTURA_TEMPORAL,1,ALTO,84.55754118,31.7695709,CARRETERA_FEDERAL,165410
Hidalgo,El Arenal,San José Tepenene,ACT,Altiplano Tula–Actopan,11,2243,20.206295,-98.88783528,RH26Dr,R. Actopan,1319.24 ,2083,5.678355061,17.90816678,MESETA,24.99856435,BAJA,7.26,13.10989817,Cwb,1022.7,14.45,15.2,AGRICULTURA_TEMPORAL,1,ALTO,85.17246322,34.02360016,CARRETERA_FEDERAL,164990
Hidalgo,Francisco I. Madero,Bocamiño,ACT,Altiplano Tula–Actopan,3,1039,20.24199222,-99.07090194,RH26Dr,R. Actopan,1319.24 ,1976,2.607298863,7.586120291,VALLE,40.89440656,BAJA,5.65,12.3095123,C(w),715.89,15.2,12.7,AGRICULTURA_TEMPORAL,1,ALTO,104.6526108,41.52807775,CARRETERA_FEDERAL,166194
Hidalgo,Francisco I. Madero,Dengantzha,ACT,Altiplano Tula–Actopan,5,2082,20.27096722,-99.12262833,RH26Dr,R. Actopan,1319.24 ,2010,3.743098333,10.60944564,MESETA,47.03374813,BAJA,6.16,13.27485876,C(w),767.025,16.42,12.7,AGRICULTURA_TEMPORAL,1,ALTO,110.6895709,46.81284096,CARRETERA_FEDERAL,165151
Hidalgo,Francisco I. Madero,El Rosario,ACT,Altiplano Tula–Actopan,12,3811,20.24169667,-99.02358667,RH26Dr,R. Actopan,1319.24 ,1989,3.72946045,9.836668749,MESETA,37.48575857,BAJA,5.84,11.84657939,Cwb,1022.7,14.45,15.2,AGRICULTURA_TEMPORAL,1,ALTO,99.87037857,39.74043737,CARRETERA_FEDERAL,163422
Hidalgo,Francisco I. Madero,El Rosario [Colonia],ACT,Altiplano Tula–Actopan,11,1100,20.24596889,-99.03707417,RH26Dr,R. Actopan,1319.24 ,1976,3.364264488,9.626637325,MESETA,38.76997188,BAJA,5.65,12.05415813,Cwb,1022.7,14.45,15.2,AGRICULTURA_TEMPORAL,1,ALTO,101.3521416,40.63601913,CARRETERA_FEDERAL,166133
Hidalgo,Francisco I. Madero,Lázaro Cárdenas (El Mexe) [Colonia],ACT,Altiplano Tula–Actopan,8,2169,20.2245375,-99.09438389,RH26Dr,R. Actopan,1319.24 ,2017,3.796791897,9.972115536,MESETA,41.41667142,BAJA,6.26,13.38388352,C(w),715.89,15.2,12.7,AGRICULTURA_TEMPORAL,1,ALTO,106.5753454,40.8662891,CARRETERA_FEDERAL,165064
Hidalgo,Francisco I. Madero,San José Boxay,ACT,Altiplano Tula–Actopan,13,1018,20.26113056,-99.10234167,RH26Dr,R. Actopan,1319.24 ,1995,2.789958919,7.105249242,VALLE,44.73727987,BAJA,5.94,13.06899719,C(w),767.025,16.42,12.7,AGRICULTURA_TEMPORAL,1,ALTO,108.3626387,44.86098273,CARRETERA_FEDERAL,166215
Hidalgo,Francisco I. Madero,San Juan Tepa,ACT,Altiplano Tula–Actopan,14,6045,20.21598861,-99.06612528,RH26Dr,R. Actopan,1319.24 ,2017,2.97939216,6.611706346,VALLE,38.56065527,BAJA,6.26,13.12529634,C(w),715.89,15.2,12.7,AGRICULTURA_TEMPORAL,1,ALTO,103.4895253,38.68913486,CARRETERA_FEDERAL,161188
Hidalgo,Francisco I. Madero,Tepatepec,ACT,Altiplano Tula–Actopan,1,11335,20.24518556,-99.08889361,RH26Dr,R. Actopan,1319.24 ,1982,1.895673581,5.656944713,VALLE,42.50187121,BAJA,5.74,11.72703001,C(w),715.89,15.2,12.7,AGRICULTURA_TEMPORAL,1,ALTO,106.5586247,42.6470243,CARRETERA_FEDERAL,155898
Hidalgo,Ixmiquilpan,Julián Villagrán,ACT,Altiplano Tula–Actopan,26,1100,20.39691222,-99.10173917,RH26Dr,R. Actopan,1319.24 ,1933,4.487024433,13.83942728,MESETA,55.3673223,BAJA,5,12.34865715,C(w),767.025,16.42,12.7,AGRICULTURA_TEMPORAL,1,ALTO,113.1475022,58.72523019,CARRETERA_FEDERAL,166133
Hidalgo,Ixmiquilpan,La Loma Julián Villagrán,ACT,Altiplano Tula–Actopan,103,1427,20.40836806,-99.10383222,RH26Dr,R. Actopan,1319.24 ,1916,4.571694112,13.31587151,MESETA,56.48529388,BAJA,4.75,12.87118086,C(w),767.025,16.42,12.7,AGRICULTURA_TEMPORAL,1,ALTO,113.8394315,59.99807653,CARRETERA_FEDERAL,165806
Hidalgo,Mixquiahuala de Juárez,Cañada,ACT,Altiplano Tula–Actopan,4,1347,20.17469778,-99.18833028,RH26Dj,R. Tula,2069.73 ,2031,2.675058734,6.998387336,VALLE,41.4222041,BAJA,5.26,12.81036239,C(w),715.89,15.2,12.7,AGRICULTURA_TEMPORAL,1,ALTO,115.1412684,42.17363392,CARRETERA_FEDERAL,33036
Hidalgo,Mixquiahuala de Juárez,Colonia Teñhe,ACT,Altiplano Tula–Actopan,10,3185,20.19271472,-99.17906556,RH26Dr,R. Actopan,1319.24 ,2042,2.903406241,7.447466064,VALLE,42.84186104,BAJA,6.64,12.7851531,C(w),715.89,15.2,12.7,AGRICULTURA_TEMPORAL,1,ALTO,114.5236341,42.99939984,CARRETERA_FEDERAL,164048
Hidalgo,Mixquiahuala de Juárez,Jagüey Blanco,ACT,Altiplano Tula–Actopan,6,1490,20.27692222,-99.15165889,RH26Dj,R. Tula,2069.73 ,2021,2.926674416,8.94047764,VALLE,49.74151459,BAJA,5.11,12.77715716,C(w),767.025,16.42,12.7,AGRICULTURA_TEMPORAL,1,ALTO,113.7839326,48.89666663,CARRETERA_FEDERAL,32893
Hidalgo,Mixquiahuala de Juárez,Morelos (El Nueve) [Colonia],ACT,Altiplano Tula–Actopan,7,2330,20.22580028,-99.14003833,RH26Dr,R. Actopan,1319.24 ,2020,2.889705449,7.211266853,VALLE,44.92917568,BAJA,6.31,13.22974885,C(w),715.89,15.2,12.7,AGRICULTURA_TEMPORAL,1,ALTO,111.252145,43.44756854,CARRETERA_FEDERAL,164903
Hidalgo,Mixquiahuala de Juárez,Veracruz [Colonia],ACT,Altiplano Tula–Actopan,12,2272,20.25711306,-99.14321306,RH26Dj,R. Tula,2069.73 ,1997,4.56991454,21.0455607,MESETA,47.67704053,BAJA,4.75,12.8051022,C(w),767.025,16.42,12.7,AGRICULTURA_TEMPORAL,1,ALTO,112.3754767,46.55701351,CARRETERA_FEDERAL,32111
Hidalgo,Progreso de Obregón,El Moreno,ACT,Altiplano Tula–Actopan,12,1260,20.30158306,-99.17344167,RH26Dj,R. Tula,2069.73 ,2031,4.628100984,18.78333248,MESETA,53.25421175,BAJA,5.26,13.1851804,C(w),767.025,16.42,12.7,AGRICULTURA_TEMPORAL,1,ALTO,116.7087145,52.42363968,CARRETERA_FEDERAL,33123
Hidalgo,San Agustín Tlaxiaca,Guadalupe los Manantiales [Colonia],ACT,Altiplano Tula–Actopan,23,1039,19.98373,-99.05953806,RH26Dq,R. Salado,661.73 ,2391,5.88039422,14.96759332,MESETA,17.0029844,CABECERA,5.2,13.31280009,Cwb,1022.7,14.45,15.2,AGRICULTURA_TEMPORAL,1,ALTO,100.2623687,18.23381868,CARRETERA_FEDERAL,1156
Hidalgo,San Agustín Tlaxiaca,Ixcuinquitlapilco,ACT,Altiplano Tula–Actopan,9,2543,20.11054722,-98.93935917,RH26Dr,R. Actopan,1319.24 ,2250,6.671977652,18.30614171,MESETA,20.87300381,MEDIA,9.76,13.09833564,Cwb,1022.7,14.45,15.2,AGRICULTURA_TEMPORAL,1,ALTO,88.38456417,23.50975565,CARRETERA_FEDERAL,164690
Hidalgo,San Agustín Tlaxiaca,Nueva Tlaxiaca,ACT,Altiplano Tula–Actopan,52,1228,20.03517639,-98.85276167,RH26Dt,R. Tezontepec,2067.25 ,2467,7.280193065,18.30901676,LOMA,8.538710182,MEDIA,7.64,13.36110576,Cwb,1022.7,14.45,15.2,AGRICULTURA_TEMPORAL,1,ALTO,78.65198173,16.0190548,CARRETERA_FEDERAL,824943
Hidalgo,San Agustín Tlaxiaca,Oriental de Zapata,ACT,Altiplano Tula–Actopan,22,1156,19.98508111,-99.03028972,RH26Dq,R. Salado,661.73 ,2361,3.624884661,9.476378301,MESETA,16.44813741,BAJA,4.75,12.88969217,Cwb,1022.7,14.45,15.2,AGRICULTURA_TEMPORAL,1,ALTO,97.19903191,15.75400886,CARRETERA_FEDERAL,1039
Hidalgo,San Agustín Tlaxiaca,Paseo de los Solares,ACT,Altiplano Tula–Actopan,77,2098,20.14416667,-98.81777778,RH26Dr,R. Actopan,1319.24 ,2441,3.693670344,9.86342427,MESETA,15.44095274,MEDIA,12.62,12.60808004,Cwb,1022.7,14.45,15.2,AGRICULTURA_TEMPORAL,1,ALTO,76.46485232,28.66519508,CARRETERA_FEDERAL,165135
Hidalgo,San Agustín Tlaxiaca,San Agustín Tlaxiaca,ACT,Altiplano Tula–Actopan,1,12328,20.11566083,-98.8867775,RH26Dr,R. Actopan,1319.24 ,2366,3.500603253,9.190327669,MESETA,17.25875046,MEDIA,11.5,13.03757114,Cwb,1022.7,14.45,15.2,AGRICULTURA_TEMPORAL,1,ALTO,83.02087862,23.9748368,CARRETERA_FEDERAL,154905
Hidalgo,San Agustín Tlaxiaca,San Juan Solís,ACT,Altiplano Tula–Actopan,13,1762,20.15730583,-98.93068583,RH26Dr,R. Actopan,1319.24 ,2217,5.286975738,13.86956837,MESETA,23.75638474,MEDIA,9.26,13.24488834,Cwb,1022.7,14.45,15.2,AGRICULTURA_TEMPORAL,1,ALTO,88.31392828,28.5892714,CARRETERA_FEDERAL,165471
Hidalgo,San Agustín Tlaxiaca,San Juan Tilcuautla,ACT,Altiplano Tula–Actopan,19,3070,20.159715,-98.80099667,RH26Dr,R. Actopan,1319.24 ,2531,8.621779278,22.53671887,LOMA,16.50412493,CABECERA,13.98,13.50453341,Cwb,1022.7,14.45,15.2,AGRICULTURA_TEMPORAL,1,ALTO,75.12063411,29.90469485,CARRETERA_FEDERAL,164163
Hidalgo,San Salvador,Cañada Grande,ACT,Altiplano Tula–Actopan,7,1092,20.31048861,-99.00119389,RH26Dr,R. Actopan,1319.24 ,1950,3.400779681,8.406921247,MESETA,41.2988619,BAJA,5.26,12.68049056,Cwb,1146.885,16.26,12.7,PASTIZAL,2,ALTO,99.92149437,46.5583572,CARRETERA_FEDERAL,166141
Hidalgo,San Salvador,Caxuxi,ACT,Altiplano Tula–Actopan,32,3089,20.30225861,-98.99348361,RH26Dr,R. Actopan,1319.24 ,1963,3.475940137,10.11210698,MESETA,40.08271478,BAJA,5.46,12.29665343,Cwb,1146.885,16.26,12.7,PASTIZAL,2,ALTO,98.85883688,45.49950027,CARRETERA_FEDERAL,164144
Hidalgo,San Salvador,Déxtho de Victoria,ACT,Altiplano Tula–Actopan,11,1614,20.32490556,-99.01994056,RH26Dr,R. Actopan,1319.24 ,1952,3.901215863,10.31906361,MESETA,43.76679378,BAJA,5.29,12.90003363,Cwb,1146.885,16.26,12.7,PASTIZAL,2,ALTO,102.303609,48.55898511,CARRETERA_FEDERAL,165619
Hidalgo,San Salvador,El Colorado,ACT,Altiplano Tula–Actopan,26,1273,20.21601778,-99.00138,RH26Dr,R. Actopan,1319.24 ,2047,4.467320446,11.05636715,MESETA,33.80836679,BAJA,6.72,13.33044635,Cwb,1022.7,14.45,15.2,AGRICULTURA_TEMPORAL,1,ALTO,96.91645744,36.34132178,CARRETERA_FEDERAL,165960
Hidalgo,San Salvador,El Olvera,ACT,Altiplano Tula–Actopan,14,1162,20.27050833,-99.02584528,RH26Dr,R. Actopan,1319.24 ,1953,4.251283541,11.67885389,MESETA,39.63512802,BAJA,5.3,12.50764359,Cwb,1146.885,16.26,12.7,PASTIZAL,2,ALTO,100.9743262,42.87551521,CARRETERA_FEDERAL,166071
Hidalgo,San Salvador,El Puerto Lázaro Cárdenas,ACT,Altiplano Tula–Actopan,48,1134,20.221195,-99.01948139,RH26Dr,R. Actopan,1319.24 ,2040,5.247661306,17.94110215,MESETA,35.49394216,BAJA,6.61,12.96152053,Cwb,1022.7,14.45,15.2,AGRICULTURA_TEMPORAL,1,ALTO,98.88769379,37.43658128,CARRETERA_FEDERAL,166099
Hidalgo,San Salvador,Lagunilla,ACT,Altiplano Tula–Actopan,13,1785,20.34370778,-99.02836639,RH26Dr,R. Actopan,1319.24 ,1935,3.938302117,11.80986705,MESETA,45.95588495,BAJA,5.04,12.67923352,Cwb,1146.885,16.26,12.7,PASTIZAL,2,ALTO,103.8599985,50.80234456,CARRETERA_FEDERAL,165448
Hidalgo,San Salvador,Poxindeje de Morelos,ACT,Altiplano Tula–Actopan,17,1107,20.26949972,-98.99596444,RH26Dr,R. Actopan,1319.24 ,1968,3.867860008,10.34319055,MESETA,37.4293512,BAJA,5.53,12.44083865,Cwb,1146.885,16.26,12.7,PASTIZAL,2,ALTO,97.96220506,41.98376675,CARRETERA_FEDERAL,166126
Hidalgo,San Salvador,San Antonio Zaragoza,ACT,Altiplano Tula–Actopan,19,3607,20.25493972,-98.99862417,RH26Dr,R. Actopan,1319.24 ,1994,6.069170037,31.52385234,MESETA,36.41724894,BAJA,5.92,12.25359706,Cwb,1146.885,16.26,12.7,PASTIZAL,2,ALTO,97.76092072,40.46649852,CARRETERA_FEDERAL,163626
Hidalgo,San Salvador,San Miguel Acambay,ACT,Altiplano Tula–Actopan,20,1049,20.2756925,-99.05576167,RH26Dr,R. Actopan,1319.24 ,1995,3.817077642,10.72337599,MESETA,42.54216471,BAJA,5.94,12.61573598,Cwb,1146.885,16.26,12.7,PASTIZAL,2,ALTO,104.1276875,44.40843927,CARRETERA_FEDERAL,166184
Hidalgo,San Salvador,San Salvador,ACT,Altiplano Tula–Actopan,1,1107,20.28456806,-99.01560389,RH26Dr,R. Actopan,1319.24 ,1949,3.833536235,10.23923503,MESETA,40.04316673,BAJA,5.24,12.50661273,Cwb,1146.885,16.26,12.7,PASTIZAL,2,ALTO,100.4190234,44.09558632,CARRETERA_FEDERAL,166126
Hidalgo,San Salvador,Santa María Amajac,ACT,Altiplano Tula–Actopan,21,1691,20.22854056,-98.99836444,RH26Dr,R. Actopan,1319.24 ,2017,3.2939841,8.473535887,MESETA,34.31860657,BAJA,6.26,12.33539409,Cwb,1022.7,14.45,15.2,AGRICULTURA_TEMPORAL,1,ALTO,96.95285593,37.60736933,CARRETERA_FEDERAL,165542
Hidalgo,San Salvador,Teofani,ACT,Altiplano Tula–Actopan,23,1302,20.32015222,-99.04251722,RH26Dr,R. Actopan,1319.24 ,1963,4.305659743,10.80010285,MESETA,44.86772363,BAJA,5.46,13.16028945,Cwb,1146.885,16.26,12.7,PASTIZAL,2,ALTO,104.3391281,48.66764879,CARRETERA_FEDERAL,165931
Hidalgo,Santiago de Anaya,Cerritos,ACT,Altiplano Tula–Actopan,4,1578,20.35288444,-99.01327639,RH26Dr,R. Actopan,1319.24 ,1952,4.234396442,11.25657072,MESETA,45.84178324,BAJA,5.29,12.5215394,Cwb,1146.885,16.26,12.7,PASTIZAL,2,ALTO,102.7702715,51.43673527,CARRETERA_FEDERAL,165655
Hidalgo,Santiago de Anaya,El Mezquital,ACT,Altiplano Tula–Actopan,11,1066,20.37203333,-99.02197889,RH26Dr,R. Actopan,1319.24 ,1952,4.222004248,11.17773137,MESETA,48.10732688,BAJA,5.29,12.81339375,Cwb,1146.885,16.26,12.7,PASTIZAL,2,ALTO,104.4176457,53.7138246,CARRETERA_FEDERAL,166167
Hidalgo,Santiago de Anaya,Patria Nueva,ACT,Altiplano Tula–Actopan,13,2087,20.37096667,-99.05177694,RH26Dr,R. Actopan,1319.24 ,1942,4.295224076,16.96304977,MESETA,49.84772242,BAJA,5.14,12.90112794,Cwb,1146.885,16.26,12.7,PASTIZAL,2,ALTO,107.2409181,54.36718786,CARRETERA_FEDERAL,165146
Hidalgo,Santiago de Anaya,Santiago de Anaya,ACT,Altiplano Tula–Actopan,1,2676,20.38258194,-98.9639525,RH26Dr,R. Actopan,1319.24 ,2034,4.637396503,11.39110697,MESETA,45.97640745,BAJA,6.52,12.88849818,Cwb,1146.885,16.26,12.7,PASTIZAL,2,ALTO,99.3610565,53.88324934,CARRETERA_FEDERAL,164557
Hidalgo,Santiago de Anaya,Yolotepec,ACT,Altiplano Tula–Actopan,17,2578,20.39263222,-99.07772417,RH26Dr,R. Actopan,1319.24 ,1923,4.174907528,11.64767202,MESETA,53.41301182,BAJA,4.86,12.8608876,C(w),767.025,16.42,12.7,AGRICULTURA_TEMPORAL,1,ALTO,110.6559798,57.46112946,CARRETERA_FEDERAL,164655
Hidalgo,Tetepango,Tetepango,ACT,Altiplano Tula–Actopan,1,9145,20.102655,-99.15612333,RH26Dj,R. Tula,2069.73 ,2099,5.769664066,29.64924101,MESETA,32.79765315,MEDIA,6.28,13.05649052,C(w),715.89,15.2,12.7,AGRICULTURA_TEMPORAL,1,ALTO,110.7971681,34.2083696,CARRETERA_FEDERAL,25238
Hidalgo,Tetepango,Ulapa de Melchor Ocampo,ACT,Altiplano Tula–Actopan,3,1824,20.14283278,-99.16621528,RH26Dj,R. Tula,2069.73 ,2059,3.371943902,10.7765952,MESETA,37.18300057,BAJA,5.68,12.87917002,C(w),715.89,15.2,12.7,AGRICULTURA_TEMPORAL,1,ALTO,112.3439965,38.02616375,CARRETERA_FEDERAL,32559
Hidalgo,Almoloya,Almoloya,APN,Apan y Llanos Altos,1,5618,19.70331944,-98.40329306,RH26Du,L. Tochac y Tecocomulco,1901.56 ,2534,3.737104591,10.12737542,MESETA,5.351494122,MEDIA,5.44,13.19445274,C(w),898.515,13.8,15.2,AGRICULTURA_TEMPORAL,1,ALTO,40.39780113,5.206601657,CAMINO_TERRACERIA,56099
Hidalgo,Apan,Apan,APN,Apan y Llanos Altos,1,28792,19.71,-98.45194444,RH26Du,L. Tochac y Tecocomulco,1901.56 ,2488,2.66941128,8.286226778,LLANURA_COSTERA,0.413861625,BAJA,4.75,12.92308872,C(w),894.8625,13.63,15.2,AGRICULTURA_TEMPORAL,1,ALTO,45.52192385,0.056275883,CAMINO_TERRACERIA,32925
Hidalgo,Apan,Chimalpa Tlalayote,APN,Apan y Llanos Altos,5,2694,19.66351306,-98.51243806,RH26Du,L. Tochac y Tecocomulco,1901.56 ,2490,3.102517296,9.841978367,MESETA,2.298904616,BAJA,4.78,12.60160966,C(w),894.8625,13.63,15.2,AGRICULTURA_TEMPORAL,1,ALTO,51.61531426,7.457691771,CARRETERA_ESTATAL,59023
Hidalgo,Apan,La Laguna,APN,Apan y Llanos Altos,9,1740,19.73464111,-98.49969833,RH26Du,L. Tochac y Tecocomulco,1901.56 ,2494,3.853567578,13.39686329,MESETA,2.683287755,BAJA,4.84,13.08054066,C(w),894.8625,13.63,15.2,AGRICULTURA_TEMPORAL,1,ALTO,50.36709471,4.319121048,CARRETERA_FEDERAL,59977
Hidalgo,Apan,Lázaro Cárdenas,APN,Apan y Llanos Altos,11,2957,19.63982333,-98.4711075,RH26Du,L. Tochac y Tecocomulco,1901.56 ,2528,3.24310812,10.41324457,MESETA,2.31343896,BAJA,5.35,13.00124916,C(w),894.8625,13.63,15.2,AGRICULTURA_TEMPORAL,1,ALTO,46.74528295,6.24491505,CARRETERA_ESTATAL,58760
Hidalgo,Apan,Zotoluca (Veloz),APN,Apan y Llanos Altos,20,1212,19.6114475,-98.51191444,RH26Du,L. Tochac y Tecocomulco,1901.56 ,2514,3.804749603,9.980011955,MESETA,0.195793494,BAJA,5.14,13.30963699,C(w),894.8625,13.63,15.2,AGRICULTURA_TEMPORAL,1,ALTO,50.2730716,4.191089607,CARRETERA_ESTATAL,60505
Hidalgo,Emiliano Zapata,Emiliano Zapata,APN,Apan y Llanos Altos,1,9584,19.65700833,-98.54741611,RH26Du,L. Tochac y Tecocomulco,1901.56 ,2496,2.560862379,10.75155557,LLANURA_COSTERA,2.049536804,BAJA,4.87,12.10683603,C(w),894.8625,13.63,15.2,AGRICULTURA_TEMPORAL,1,ALTO,54.96454176,8.424918426,CARRETERA_ESTATAL,52133
Hidalgo,Emiliano Zapata,José María Morelos (San José),APN,Apan y Llanos Altos,11,1545,19.68155139,-98.5766375,RH26Du,L. Tochac y Tecocomulco,1901.56 ,2506,7.562393718,24.78480095,LOMA,6.069390997,BAJA,5.02,13.41896524,C(w),894.8625,13.63,15.2,AGRICULTURA_TEMPORAL,1,ALTO,58.5530622,10.09453234,CAMINO_TERRACERIA,60172
Hidalgo,Emiliano Zapata,Santa Bárbara,APN,Apan y Llanos Altos,5,2039,19.66552,-98.56832556,RH26Du,L. Tochac y Tecocomulco,1901.56 ,2511,4.086375116,11.84194984,MESETA,4.43680928,BAJA,5.1,12.84616011,C(w),894.8625,13.63,15.2,AGRICULTURA_TEMPORAL,1,ALTO,57.32147431,9.868335133,CARRETERA_ESTATAL,59678
Hidalgo,Emiliano Zapata,Santa Clara,APN,Apan y Llanos Altos,6,1775,19.6988925,-98.57810694,RH26Du,L. Tochac y Tecocomulco,1901.56 ,2495,6.614330895,28.915521,MESETA,5.84959249,BAJA,4.86,13.1582973,C(w),894.8625,13.63,15.2,AGRICULTURA_TEMPORAL,1,ALTO,58.70147977,8.181797022,CAMINO_TERRACERIA,59942
Hidalgo,Tepeapulco,20 de Noviembre [Colonia],APN,Apan y Llanos Altos,29,1027,19.76973222,-98.50546361,RH26Dt,R. Tezontepec,2067.25 ,2682,6.740371866,19.33901692,MESETA,6.59917605,CABECERA,10.87,12.65685597,Cwb,1022.7,14.45,15.2,AGRICULTURA_TEMPORAL,1,ALTO,49.74353747,6.839892677,CARRETERA_FEDERAL,825144
Hidalgo,Tepeapulco,Fray Bernardino de Sahagún (Ciudad Sahagún),APN,Apan y Llanos Altos,2,31737,19.77270583,-98.58190333,RH26Dt,R. Tezontepec,2067.25 ,2451,3.877773823,12.89657733,MESETA,9.347766086,MEDIA,7.4,11.80746693,Cwb,1022.7,14.45,15.2,AGRICULTURA_TEMPORAL,1,ALTO,56.56099225,1.174928147,CARRETERA_FEDERAL,794434
Hidalgo,Tepeapulco,Irolo,APN,Apan y Llanos Altos,7,1879,19.73234833,-98.59515333,RH26Dt,R. Tezontepec,2067.25 ,2458,3.147670394,10.42978269,MESETA,7.944380404,MEDIA,7.51,11.76840766,C(w),894.8625,13.63,15.2,AGRICULTURA_TEMPORAL,1,ALTO,59.95130071,5.109117949,CARRETERA_FEDERAL,824292
Hidalgo,Tepeapulco,Los Cides,APN,Apan y Llanos Altos,3,1080,19.8053175,-98.52459861,RH26Dt,R. Tezontepec,2067.25 ,2522,11.00402916,38.7451989,LOMA,10.52353455,MEDIA,8.47,13.53643121,Cwb,1022.7,14.45,15.2,AGRICULTURA_TEMPORAL,1,ALTO,49.55720509,6.085170195,CARRETERA_FEDERAL,825091
Hidalgo,Tepeapulco,San Bartolomé Tepetates,APN,Apan y Llanos Altos,14,1014,19.73974444,-98.55715111,RH26Dt,R. Tezontepec,2067.25 ,2525,5.902087896,14.00786498,MESETA,4.898195235,MEDIA,8.52,13.41268494,C(w),894.8625,13.63,15.2,AGRICULTURA_TEMPORAL,1,ALTO,56.11222789,3.867651302,CARRETERA_FEDERAL,825157
Hidalgo,Tepeapulco,Tepeapulco,APN,Apan y Llanos Altos,1,16368,19.78567389,-98.55366167,RH26Dt,R. Tezontepec,2067.25 ,2519,4.053698152,9.321294349,MESETA,9.073624555,MEDIA,8.43,13.58181798,Cwb,1022.7,14.45,15.2,AGRICULTURA_TEMPORAL,1,ALTO,53.26631883,2.342079117,CARRETERA_FEDERAL,809803
Hidalgo,Tlanalapa,San Isidro [Fraccionamiento],APN,Apan y Llanos Altos,20,1277,19.78867389,-98.59143167,RH26Dt,R. Tezontepec,2067.25 ,2466,5.053066062,14.6113352,MESETA,11.35141269,MEDIA,7.63,13.26717418,Cwb,1022.7,14.45,15.2,AGRICULTURA_TEMPORAL,1,ALTO,56.67039052,2.851736908,CARRETERA_FEDERAL,824894
Hidalgo,Tlanalapa,Tlanalapa,APN,Apan y Llanos Altos,1,8062,19.81789417,-98.60391306,RH26Dt,R. Tezontepec,2067.25 ,2462,4.321048721,13.65657056,MESETA,14.73886381,MEDIA,7.57,13.01988309,Cwb,1022.7,14.45,15.2,AGRICULTURA_TEMPORAL,1,ALTO,56.57501012,6.174604355,CARRETERA_FEDERAL,818109
Hidalgo,Atotonilco el Grande,Atotonilco el Grande,ATG,Atotonilco–Sierra de Amajac,1,8417,20.28688167,-98.66906167,RH26Ds,R. Amajac,4065.23 ,2100,5.775344272,34.11134072,MESETA,31.54362591,MEDIA,10.9,12.14867786,Cwb,1146.885,16.26,12.7,PASTIZAL,2,ALTO,67.09159669,41.14667817,CARRETERA_FEDERAL,19053
Hidalgo,Atotonilco el Grande,La Estancia,ATG,Atotonilco–Sierra de Amajac,9,1881,20.29933167,-98.68995944,RH26Ds,R. Amajac,4065.23 ,2028,8.648852074,34.88902614,LOMA,32.30697567,BAJA,9.82,12.53096734,Cwb,1146.885,16.26,12.7,PASTIZAL,2,ALTO,69.66461021,42.54261595,CARRETERA_FEDERAL,25589
Hidalgo,Atotonilco el Grande,La Puebla,ATG,Atotonilco–Sierra de Amajac,18,1195,20.27266917,-98.665515,RH26Ds,R. Amajac,4065.23 ,2125,4.186335652,10.82493327,MESETA,30.15735996,MEDIA,11.27,13.02190799,Cwb,1146.885,16.26,12.7,PASTIZAL,2,ALTO,66.03924878,39.57499164,CARRETERA_FEDERAL,26275
Hidalgo,Atotonilco el Grande,Los Sabinos,ATG,Atotonilco–Sierra de Amajac,22,1611,20.32889722,-98.66389861,RH26Dv,R. Metztitlán,2821.42 ,1975,3.356207993,8.77063208,MESETA,31.88523797,MEDIA,14.76,12.83960342,Cwb,1146.885,16.26,12.7,PASTIZAL,2,ALTO,68.93296301,45.83649337,CARRETERA_FEDERAL,272496
Hidalgo,Atotonilco el Grande,Montecillos,ATG,Atotonilco–Sierra de Amajac,11,1154,20.28680917,-98.60838389,RH26Dv,R. Metztitlán,2821.42 ,2040,4.810177795,12.6841509,MESETA,31.35866874,MEDIA,15.73,13.0490174,Cwb,1146.885,16.26,12.7,PASTIZAL,2,ALTO,61.56207801,41.75884219,CARRETERA_FEDERAL,272953
Hidalgo,Atotonilco el Grande,Santa María Amajac,ATG,Atotonilco–Sierra de Amajac,33,1510,20.32416056,-98.74150889,RH26Ds,R. Amajac,4065.23 ,1690,8.522326047,19.55392187,LOMA,34.29102616,BAJA,4.75,12.75904478,Cwb,1146.885,16.26,12.7,PASTIZAL,2,ALTO,75.70473065,45.77594974,CARRETERA_FEDERAL,25960
Hidalgo,Atotonilco el Grande,Tiltepec,ATG,Atotonilco–Sierra de Amajac,39,1024,20.31398861,-98.68357167,RH26Dv,R. Metztitlán,2821.42 ,2021,4.137096403,11.50609634,MESETA,34.04797284,MEDIA,15.44,12.87001761,Cwb,1146.885,16.26,12.7,PASTIZAL,2,ALTO,69.86212004,44.15902544,CARRETERA_FEDERAL,273083
Hidalgo,Huasca de Ocampo,Río Seco Puente de Doria,ATG,Atotonilco–Sierra de Amajac,21,1339,20.20879056,-98.49820167,RH26Dv,R. Metztitlán,2821.42 ,2110,4.375632947,16.46490464,MESETA,34.69399673,MEDIA,16.78,12.48860521,Cwb,1022.7,14.45,15.2,AGRICULTURA_TEMPORAL,1,ALTO,47.28085664,37.46705257,CARRETERA_FEDERAL,272768
Hidalgo,Huasca de Ocampo,San José Ocotillos,ATG,Atotonilco–Sierra de Amajac,25,1059,20.20758806,-98.61407361,RH26Dv,R. Metztitlán,2821.42 ,2318,6.159124942,15.67459076,MESETA,26.1477416,MEDIA,19.9,13.02804428,Cwb,1022.7,14.45,15.2,AGRICULTURA_TEMPORAL,1,ALTO,58.1333168,32.9842708,CARRETERA_FEDERAL,273048
Hidalgo,Huasca de Ocampo,San Miguel Regla,ATG,Atotonilco–Sierra de Amajac,27,1130,20.21919194,-98.56085,RH26Dv,R. Metztitlán,2821.42 ,2072,5.290470883,14.89255484,MESETA,30.6661123,MEDIA,16.21,12.54916265,Cwb,1022.7,14.45,15.2,AGRICULTURA_TEMPORAL,1,ALTO,53.61510842,35.74601391,CARRETERA_FEDERAL,272977
Hidalgo,Mineral del Chico,Benito Juárez,ATG,Atotonilco–Sierra de Amajac,24,1969,20.16179833,-98.826335,RH26Dr,R. Actopan,1319.24 ,2482,6.014469852,15.21100509,MESETA,17.59699538,MEDIA,13.24,13.31857587,Cwb,1022.7,14.45,15.2,AGRICULTURA_TEMPORAL,1,ALTO,77.75078397,30.25591802,CARRETERA_FEDERAL,165264
Hidalgo,Mineral del Chico,Carboneras,ATG,Atotonilco–Sierra de Amajac,4,1196,20.21485306,-98.69684083,RH26Ds,R. Amajac,4065.23 ,2633,16.38024065,35.29222978,LOMA,23.0281337,CABECERA,18.9,13.00196994,Cwb,1022.7,14.45,15.2,AGRICULTURA_TEMPORAL,1,ALTO,66.46242534,33.17986902,CARRETERA_FEDERAL,26274
Hidalgo,Mineral del Chico,La Estanzuela,ATG,Atotonilco–Sierra de Amajac,7,1680,20.18020556,-98.75715056,RH26Dr,R. Actopan,1319.24 ,2796,13.25231024,29.2454575,LOMA,18.21498367,CABECERA,17.95,13.43577695,Cwb,1022.7,14.45,15.2,AGRICULTURA_TEMPORAL,1,ALTO,71.25295088,30.41995762,CARRETERA_FEDERAL,165553
Hidalgo,Mineral del Monte,Mineral del Monte,ATG,Atotonilco–Sierra de Amajac,1,11149,20.14049111,-98.67153,RH26Ds,R. Amajac,4065.23 ,2728,11.87797849,28.06111689,LOMA,16.59117264,CABECERA,20.32,13.00049908,Cwb,1022.7,14.45,15.2,AGRICULTURA_TEMPORAL,1,ALTO,61.47766461,24.84891477,CARRETERA_FEDERAL,16321
Hidalgo,Omitlán de Juárez,Omitlán de Juárez,ATG,Atotonilco–Sierra de Amajac,1,1050,20.1695,-98.64863889,RH26Ds,R. Amajac,4065.23 ,2422,12.94403242,34.65287259,LOMA,20.60512851,CABECERA,15.73,12.81013571,Cwb,1022.7,14.45,15.2,AGRICULTURA_TEMPORAL,1,ALTO,60.05942286,28.23260483,CARRETERA_FEDERAL,26420
Hidalgo,Omitlán de Juárez,San Antonio el Paso,ATG,Atotonilco–Sierra de Amajac,22,1260,20.14763861,-98.61626472,RH26Dv,R. Metztitlán,2821.42 ,2618,5.869657942,17.54183023,MESETA,20.92182175,CABECERA,24,12.8016723,Cwb,1022.7,14.45,15.2,AGRICULTURA_TEMPORAL,1,ALTO,56.11616057,26.42532493,CARRETERA_FEDERAL,272847
Puebla,Aquixtla,Aquixtla,CHG,Chignahuapan,1,1116,19.79668889,-97.93663972,RH27Bd,R. Tecuantepec,1056.34 ,2208,9.328473221,23.64983622,LOMA,6.023417463,CABECERA,17.38,13.28148816,Cwb,1059.225,15.01,15.2,AGRICULTURA_TEMPORAL,1,ALTO,0.008031241,10.29913245,BRECHA,26757
Puebla,Aquixtla,El Terrero,CHG,Chignahuapan,15,1212,19.78684194,-97.95361,RH27Bd,R. Tecuantepec,1056.34 ,2231,8.159635702,27.79144477,LOMA,6.433392649,CABECERA,17.73,13.29381714,Cwb,1059.225,15.01,15.2,AGRICULTURA_TEMPORAL,1,ALTO,0.010872961,9.335600908,BRECHA,26661
Puebla,Chignahuapan,Acoculco (Alamedilla),CHG,Chignahuapan,2,1993,19.93575556,-98.20977472,RH26Dv,R. Metztitlán,2821.42 ,2768,4.14990685,12.08301894,MESETA,20.31304287,CABECERA,24,12.96835335,Cwb,1059.225,15.01,15.2,AGRICULTURA_TEMPORAL,1,ALTO,13.67814972,21.29741381,CARRETERA_FEDERAL,272114
Puebla,Chignahuapan,Ciudad de Chignahuapan,CHG,Chignahuapan,1,22904,19.83822333,-98.03097528,RH27Bc,R. Laxaxalpan,1608.95 ,2291,2.758189518,7.399728502,LLANURA_COSTERA,2.290880487,CABECERA,24,12.9899079,Cwb,1059.225,15.01,15.2,AGRICULTURA_TEMPORAL,1,ALTO,1.612710454,0.154102265,CARRETERA_ESTATAL,137242
Puebla,Chignahuapan,El Paredón,CHG,Chignahuapan,28,2741,19.86756611,-98.25214833,RH26Du,L. Tochac y Tecocomulco,1901.56 ,2623,4.327116075,15.78376383,MESETA,19.16109597,CABECERA,6.78,13.22922495,Cwb,1059.225,15.01,15.2,AGRICULTURA_TEMPORAL,1,ALTO,21.93825349,23.22117712,CARRETERA_FEDERAL,58976
Puebla,Chignahuapan,Ixtlahuaca Barrio,CHG,Chignahuapan,92,3226,19.83805111,-98.014305,RH27Bc,R. Laxaxalpan,1608.95 ,2276,2.871251031,7.910777607,LLANURA_COSTERA,1.350210259,CABECERA,24,12.99597443,Cwb,1059.225,15.01,15.2,AGRICULTURA_TEMPORAL,1,ALTO,0.036350422,1.167072438,CARRETERA_ESTATAL,156920
Puebla,Chignahuapan,Lázaro Cárdenas (Tzitla),CHG,Chignahuapan,150,1040,19.81646194,-98.05322861,RH27Bc,R. Laxaxalpan,1608.95 ,2367,5.012395986,16.17823457,MESETA,2.208825083,CABECERA,24,13.31368948,Cwb,1059.225,15.01,15.2,AGRICULTURA_TEMPORAL,1,ALTO,3.232640479,2.736077495,CARRETERA_FEDERAL,159106
Puebla,Chignahuapan,Loma Alta,CHG,Chignahuapan,18,1669,19.79624472,-98.02683417,RH27Bc,R. Laxaxalpan,1608.95 ,2340,2.931338976,8.468637933,LLANURA_COSTERA,0.968037888,CABECERA,24,12.59434465,Cwb,1059.225,15.01,15.2,AGRICULTURA_TEMPORAL,1,ALTO,0.65006957,3.689538867,CARRETERA_FEDERAL,158477
Puebla,Chignahuapan,Matlahuacales de Aquiles Serdán,CHG,Chignahuapan,23,1009,19.76310833,-98.0559825,RH27Bc,R. Laxaxalpan,1608.95 ,2414,3.107358974,8.916311689,MESETA,3.22692554,CABECERA,24,12.66030644,Cwb,1059.225,15.01,15.2,AGRICULTURA_TEMPORAL,1,ALTO,4.674117995,7.810580875,CARRETERA_FEDERAL,159137
Puebla,Chignahuapan,Michac,CHG,Chignahuapan,25,1707,19.85252528,-98.05052222,RH27Bc,R. Laxaxalpan,1608.95 ,2309,5.490957305,34.78870672,MESETA,3.412627913,CABECERA,24,12.83610445,Cwb,1059.225,15.01,15.2,AGRICULTURA_TEMPORAL,1,ALTO,2.991824635,2.230336675,CARRETERA_FEDERAL,158439
Puebla,Chignahuapan,San Antonio Matlahuacales,CHG,Chignahuapan,36,1394,19.75561861,-98.081915,RH27Bc,R. Laxaxalpan,1608.95 ,2525,6.3806347,14.74482349,MESETA,4.170402354,CABECERA,24,13.45911636,Cwb,1059.225,15.01,15.2,AGRICULTURA_TEMPORAL,1,ALTO,7.380527539,9.779760787,CAMINO_TERRACERIA,158752
Puebla,Chignahuapan,San José Corral Blanco,CHG,Chignahuapan,13,1339,19.91012056,-98.17737667,RH26Dv,R. Metztitlán,2821.42 ,2863,7.9990553,20.43897021,MESETA,15.97435745,CABECERA,24,12.88290502,Cwb,1059.225,15.01,15.2,AGRICULTURA_TEMPORAL,1,ALTO,12.70926763,16.97065614,CARRETERA_FEDERAL,272768
Puebla,Chignahuapan,Sebastopol,CHG,Chignahuapan,43,1038,19.77919167,-98.02170528,RH27Bc,R. Laxaxalpan,1608.95 ,2374,3.844391796,10.72540759,MESETA,2.610741052,CABECERA,24,13.27398704,Cwb,1059.225,15.01,15.2,AGRICULTURA_TEMPORAL,1,ALTO,0.758646902,5.645789339,CARRETERA_FEDERAL,159108
Puebla,Chignahuapan,Tenextla,CHG,Chignahuapan,47,1055,19.83532139,-98.00828833,RH27Bc,R. Laxaxalpan,1608.95 ,2281,3.499395226,11.64895401,MESETA,0.688250115,CABECERA,24,13.13935539,Cwb,1059.225,15.01,15.2,AGRICULTURA_TEMPORAL,1,ALTO,0.301151146,1.791794175,CARRETERA_ESTATAL,159091
Puebla,Chignahuapan,Tres Cabezas,CHG,Chignahuapan,51,1020,19.88280722,-98.27522472,RH26Du,L. Tochac y Tecocomulco,1901.56 ,2607,5.186003945,14.27887297,MESETA,22.07180793,CABECERA,6.54,12.89910045,Cwb,1059.225,15.01,15.2,AGRICULTURA_TEMPORAL,1,ALTO,22.68201502,25.39061919,CARRETERA_FEDERAL,60697
Puebla,Chignahuapan,Villa Cuauhtémoc,CHG,Chignahuapan,53,1433,19.77913083,-98.09693833,RH27Bc,R. Laxaxalpan,1608.95 ,2402,3.647902136,12.3604738,MESETA,1.857112404,CABECERA,24,12.80031014,Cwb,1059.225,15.01,15.2,AGRICULTURA_TEMPORAL,1,ALTO,8.081179022,8.884395742,CARRETERA_FEDERAL,158713
Puebla,Ixtacamaxtitlán,Calpanería Atezquilla,CHG,Chignahuapan,5,1387,19.65756111,-97.99429083,RH27Be,R. Apulco,2109.37 ,2814,6.642443505,21.85502732,MESETA,15.78071638,BAJA,4.75,12.77401625,C(w),898.515,13.8,15.2,AGRICULTURA_TEMPORAL,1,ALTO,0.024138153,14.21917409,CARRETERA_ESTATAL,0
Puebla,Chiconcuautla,Chiconcuautla,HUA,Huauchinango y Cuenca del Necaxa,1,4075,20.0947675,-97.93962556,RH27Bc,R. Laxaxalpan,1608.95 ,1506,10.60181058,39.30747183,LOMA,3.922937445,MEDIA,24,12.86150659,Cwb,1059.225,15.01,15.2,AGRICULTURA_TEMPORAL,1,ALTO,9.748014073,18.22428426,CARRETERA_ESTATAL,156071
Puebla,Chiconcuautla,San Lorenzo Tlaxipehuala,HUA,Huauchinango y Cuenca del Necaxa,14,1980,20.13011139,-97.97343417,RH27Bb,R. Necaxa,900.78 ,1721,19.06918711,43.09655338,LADERA,9.013563386,CABECERA,24,12.62491256,Cwb,1059.225,15.01,15.2,AGRICULTURA_TEMPORAL,1,ALTO,13.63472282,14.11930593,CARRETERA_ESTATAL,152542
Puebla,Chiconcuautla,Tlalhuapan,HUA,Huauchinango y Cuenca del Necaxa,11,1648,20.07596361,-97.9180275,RH27Bc,R. Laxaxalpan,1608.95 ,1170,22.62726967,42.62188386,LADERA,1.33861243,MEDIA,20.32,13.54207723,Cwb,1059.225,15.01,15.2,AGRICULTURA_TEMPORAL,1,ALTO,7.818393248,15.7101451,CAMINO_TERRACERIA,158498
Puebla,Chiconcuautla,Tlaxco (Santiago Tlaxco),HUA,Huauchinango y Cuenca del Necaxa,13,1945,20.06056167,-97.959115,RH27Bc,R. Laxaxalpan,1608.95 ,1397,19.92562191,44.3153702,LADERA,5.746659476,MEDIA,23.72,13.33991668,Cwb,1059.225,15.01,15.2,AGRICULTURA_TEMPORAL,1,ALTO,6.064660388,18.8870666,CAMINO_TERRACERIA,158201
Puebla,Chiconcuautla,Toxtla,HUA,Huauchinango y Cuenca del Necaxa,15,1897,20.06487472,-97.94806056,RH27Bc,R. Laxaxalpan,1608.95 ,1382,19.53841406,43.42844846,LADERA,4.598057459,MEDIA,23.5,13.49399251,Cwb,1059.225,15.01,15.2,AGRICULTURA_TEMPORAL,1,ALTO,6.43673628,17.97753148,CARRETERA_ESTATAL,158249
Puebla,Chiconcuautla,Zempoala,HUA,Huauchinango y Cuenca del Necaxa,17,1676,20.08625306,-97.9979725,RH27Bc,R. Laxaxalpan,1608.95 ,1488,18.03803955,44.53832263,LADERA,9.686108297,MEDIA,24,13.45065289,Cwb,1059.225,15.01,15.2,AGRICULTURA_TEMPORAL,1,ALTO,9.046070434,19.28246899,CARRETERA_ESTATAL,158470
Puebla,Huauchinango,Ahuacatlán,HUA,Huauchinango y Cuenca del Necaxa,2,1748,20.13835778,-98.00682139,RH27Bb,R. Necaxa,900.78 ,1740,22.75547513,40.44036148,LADERA,12.41250745,CABECERA,24,13.31508765,Cwb,1059.225,15.01,15.2,AGRICULTURA_TEMPORAL,1,ALTO,14.90218427,13.87515425,CARRETERA_ESTATAL,152774
Puebla,Huauchinango,Cuacuila,HUA,Huauchinango y Cuenca del Necaxa,9,2988,20.17297333,-98.031245,RH27Bb,R. Necaxa,900.78 ,1473,18.32984311,40.53304531,LADERA,16.70973174,MEDIA,24,12.84161081,Cwb,1059.225,15.01,15.2,AGRICULTURA_TEMPORAL,1,ALTO,19.28730839,11.59936445,CARRETERA_ESTATAL,151534
Puebla,Huauchinango,Cuautlita,HUA,Huauchinango y Cuenca del Necaxa,11,1963,20.19640667,-98.02410083,RH27Bb,R. Necaxa,900.78 ,1417,8.488168254,36.51942762,LOMA,17.7855211,MEDIA,24,12.37383849,Cwb,1059.225,15.01,15.2,AGRICULTURA_TEMPORAL,1,ALTO,21.60444343,9.108079695,CARRETERA_ESTATAL,152559
Puebla,Huauchinango,Huauchinango,HUA,Huauchinango y Cuenca del Necaxa,1,58957,20.17469778,-98.05134,RH27Bb,R. Necaxa,900.78 ,1533,8.596191892,27.99845954,LOMA,18.51626261,MEDIA,24,12.38341296,Cwb,1059.225,15.01,15.2,AGRICULTURA_TEMPORAL,1,ALTO,19.54024448,12.82187461,CARRETERA_FEDERAL,95565
Puebla,Huauchinango,Huilacapixtla,HUA,Huauchinango y Cuenca del Necaxa,14,1769,20.20573167,-98.0830675,RH27Bb,R. Necaxa,900.78 ,1682,20.76556306,52.76417711,LADERA,23.22291084,MEDIA,24,13.53733867,Cwb,1059.225,15.01,15.2,AGRICULTURA_TEMPORAL,1,ALTO,22.48617106,13.5601812,CARRETERA_FEDERAL,152753
Puebla,Huauchinango,Las Colonias de Hidalgo,HUA,Huauchinango y Cuenca del Necaxa,8,3112,20.19403694,-97.97658083,RH27Bb,R. Necaxa,900.78 ,1293,6.417282666,19.8494152,MESETA,14.25977022,MEDIA,22.6,11.9887056,Cwb,1059.225,15.01,15.2,AGRICULTURA_TEMPORAL,1,ALTO,20.74834689,7.077680208,CARRETERA_ESTATAL,151410
Puebla,Huauchinango,Papatlazolco,HUA,Huauchinango y Cuenca del Necaxa,22,2276,20.17618056,-97.99216028,RH27Bb,R. Necaxa,900.78 ,1322,6.392571368,18.73878202,MESETA,13.81209171,MEDIA,23.04,12.59621745,Cwb,1059.225,15.01,15.2,AGRICULTURA_TEMPORAL,1,ALTO,18.836247,9.397334919,CARRETERA_ESTATAL,152246
Puebla,Huauchinango,Tenango de las Flores,HUA,Huauchinango y Cuenca del Necaxa,27,7702,20.20339667,-97.98834,RH27Bb,R. Necaxa,900.78 ,1305,4.639622372,21.77734675,MESETA,15.82573056,MEDIA,22.78,12.06533497,Cwb,1059.225,15.01,15.2,AGRICULTURA_TEMPORAL,1,ALTO,21.82823531,6.40906549,CARRETERA_ESTATAL,146820
Puebla,Huauchinango,Teopancingo,HUA,Huauchinango y Cuenca del Necaxa,29,1074,20.09456389,-98.07027333,RH27Bb,R. Necaxa,900.78 ,2325,9.749846349,25.15731496,LOMA,17.29557119,CABECERA,24,12.87817294,Cwb,1059.225,15.01,15.2,AGRICULTURA_TEMPORAL,1,ALTO,10.4197286,21.13091677,CARRETERA_FEDERAL,153448
Puebla,Huauchinango,Tlacomulco,HUA,Huauchinango y Cuenca del Necaxa,33,1869,20.14693611,-98.11650028,RH27Bb,R. Necaxa,900.78 ,2050,9.711614261,31.14391404,LOMA,23.2729482,CABECERA,24,12.80176428,Cwb,1059.225,15.01,15.2,AGRICULTURA_TEMPORAL,1,ALTO,15.93727417,19.98548069,CARRETERA_FEDERAL,152653
Puebla,Huauchinango,Venta Grande,HUA,Huauchinango y Cuenca del Necaxa,37,1763,20.11922556,-98.10051,RH27Bb,R. Necaxa,900.78 ,2126,5.810802611,24.86125339,MESETA,20.84134497,CABECERA,24,12.45476209,Cwb,1059.225,15.01,15.2,AGRICULTURA_TEMPORAL,1,ALTO,12.77477583,20.84069356,CARRETERA_FEDERAL,152759
Puebla,Huauchinango,Xaltepec,HUA,Huauchinango y Cuenca del Necaxa,38,2645,20.16612111,-98.00129778,RH27Bb,R. Necaxa,900.78 ,1337,20.91307468,42.52393101,LADERA,13.84030398,MEDIA,23.26,13.26384644,Cwb,1059.225,15.01,15.2,AGRICULTURA_TEMPORAL,1,ALTO,17.83750962,10.76744101,CARRETERA_ESTATAL,151877
Puebla,Huauchinango,Xilocuautla,HUA,Huauchinango y Cuenca del Necaxa,39,1372,20.13879722,-98.02271722,RH27Bb,R. Necaxa,900.78 ,1648,12.28552984,28.75784004,LOMA,13.88155599,MEDIA,24,12.77976176,Cwb,1059.225,15.01,15.2,AGRICULTURA_TEMPORAL,1,ALTO,15.39354841,14.43793187,CARRETERA_ESTATAL,153150
Puebla,Jopala,Buenos Aires,HUA,Huauchinango y Cuenca del Necaxa,2,1584,20.15350694,-97.74842333,RH27Bc,R. Laxaxalpan,1608.95 ,583,19.90270095,41.07151281,LADERA,16.60136967,BAJA,11.52,12.99326596,Aw,1402.56,18.61,0,BOSQUE_PINO_ENCINO,4,ALTO,15.28814599,14.48913094,CARRETERA_ESTATAL,158562
Puebla,Jopala,Chicontla,HUA,Huauchinango y Cuenca del Necaxa,4,3030,20.24456833,-97.83076361,RH27Bb,R. Necaxa,900.78 ,327,12.64053335,37.52221119,LOMA,18.33020006,BAJA,8.11,13.32483092,Cwb,1059.225,15.01,15.2,AGRICULTURA_TEMPORAL,1,ALTO,26.47092599,13.78892609,CARRETERA_ESTATAL,151492
Puebla,Jopala,Jopala,HUA,Huauchinango y Cuenca del Necaxa,1,1479,20.16280028,-97.69292,RH27Bc,R. Laxaxalpan,1608.95 ,652,22.22341075,46.35303291,LADERA,17.43519992,BAJA,12.55,13.05145112,Aw,1402.56,18.61,0,BOSQUE_PINO_ENCINO,4,ALTO,17.26549189,10.36146629,CARRETERA_ESTATAL,158667
Puebla,Jopala,Tlaolantongo,HUA,Huauchinango y Cuenca del Necaxa,7,1002,20.23166556,-97.80033222,RH27Bb,R. Necaxa,900.78 ,278,9.180991989,32.76224244,LOMA,18.43238665,BAJA,7.38,12.92140529,Aw,1402.56,18.61,0,PASTIZAL,2,ALTO,24.63094407,17.18605774,CARRETERA_ESTATAL,153520
Puebla,Juan Galindo,Necaxaltépetl,HUA,Huauchinango y Cuenca del Necaxa,4,1113,20.23291472,-97.99519056,RH27Cb,R. San Marcos,1635.23 ,1553,22.6273816,41.8797117,LADERA,18.93430913,MEDIA,24,13.15023145,Cwb,1059.225,15.01,15.2,AGRICULTURA_TEMPORAL,1,ALTO,25.15605161,4.103943673,CARRETERA_ESTATAL,141960
Puebla,Juan Galindo,Nuevo Necaxa,HUA,Huauchinango y Cuenca del Necaxa,1,7838,20.21208306,-98.00214194,RH27Bb,R. Necaxa,900.78 ,1338,7.533385137,24.60960249,MESETA,17.47360419,MEDIA,23.28,12.95798767,Cwb,1059.225,15.01,15.2,AGRICULTURA_TEMPORAL,1,ALTO,22.92032202,6.291938477,CARRETERA_ESTATAL,146684
Puebla,Tlaola,Chicahuaxtla,HUA,Huauchinango y Cuenca del Necaxa,11,2725,20.14244472,-97.94520944,RH27Bb,R. Necaxa,900.78 ,1201,12.20373233,29.09594155,LOMA,7.709697189,MEDIA,21.22,12.8096688,Cwb,1059.225,15.01,15.2,AGRICULTURA_TEMPORAL,1,ALTO,15.05125396,12.89007518,CARRETERA_ESTATAL,151797
Puebla,Tlaola,Cuamila,HUA,Huauchinango y Cuenca del Necaxa,9,1017,20.16565778,-97.91943,RH27Bb,R. Necaxa,900.78 ,1100,14.92404961,35.67956157,LOMA,8.747566916,MEDIA,19.7,13.10598812,Cwb,1059.225,15.01,15.2,AGRICULTURA_TEMPORAL,1,ALTO,17.53804384,11.20676191,CAMINO_TERRACERIA,153505
Puebla,Tlaola,Cutzontipa,HUA,Huauchinango y Cuenca del Necaxa,10,1064,20.10974111,-97.90327889,RH27Bc,R. Laxaxalpan,1608.95 ,1369,12.24143508,43.16420419,LOMA,2.298715627,MEDIA,23.3,13.1988039,Cwb,1059.225,15.01,15.2,AGRICULTURA_TEMPORAL,1,ALTO,11.13057443,16.79383002,CAMINO_TERRACERIA,159082
Puebla,Tlaola,Tlaltepango,HUA,Huauchinango y Cuenca del Necaxa,18,1764,20.1436225,-97.87713278,RH27Bc,R. Laxaxalpan,1608.95 ,1304,20.07560147,52.00646684,LADERA,6.12599362,MEDIA,22.33,13.30932962,Cwb,1059.225,15.01,15.2,AGRICULTURA_TEMPORAL,1,ALTO,14.88405261,15.59340562,CAMINO_TERRACERIA,158382
Puebla,Tlaola,Tlaola,HUA,Huauchinango y Cuenca del Necaxa,1,1561,20.13703472,-97.92427861,RH27Bb,R. Necaxa,900.78 ,1171,11.99023213,25.87985286,LOMA,5.966040145,MEDIA,20.77,12.96909885,Cwb,1059.225,15.01,15.2,AGRICULTURA_TEMPORAL,1,ALTO,14.52510421,13.99126775,CAMINO_TERRACERIA,152961
Puebla,Tlaola,Xaltepuxtla,HUA,Huauchinango y Cuenca del Necaxa,22,3484,20.17499,-97.97141222,RH27Bb,R. Necaxa,900.78 ,1333,9.860886081,28.91972243,LOMA,12.24543411,MEDIA,23.2,12.7699759,Cwb,1059.225,15.01,15.2,AGRICULTURA_TEMPORAL,1,ALTO,18.63414461,9.120315156,CARRETERA_ESTATAL,151038
Puebla,Tlaola,Xochinanacatlán,HUA,Huauchinango y Cuenca del Necaxa,23,2089,20.19422722,-97.89788278,RH27Bb,R. Necaxa,900.78 ,961,17.42059393,38.4046729,LOMA,11.53634229,MEDIA,17.62,13.27138789,Cwb,1059.225,15.01,15.2,AGRICULTURA_TEMPORAL,1,ALTO,20.46847225,9.890132259,CAMINO_TERRACERIA,152433
Veracruz de Ignacio de la Llave,Benito Juárez,Tenantitla,HYC,Huayacocotla y Sierra de Vinazco,21,1142,20.77108667,-98.14380806,RH27Dc,R. Vinazco,2564.78 ,319,9.219332488,25.75637085,LOMA,3.325444176,BAJA,7.2,12.71683084,Aw,1325.8575,23.15,0,PASTIZAL,2,ALTO,85.45356873,52.60244914,CARRETERA_FEDERAL,20046
Veracruz de Ignacio de la Llave,Huayacocotla,Carbonero Jacales,HYC,Huayacocotla y Sierra de Vinazco,9,1042,20.41945111,-98.47006917,RH26Dv,R. Metztitlán,2821.42 ,2594,8.403272341,30.45151971,LOMA,11.2914402,CABECERA,24,12.70171846,Cwb,1146.885,16.26,12.7,PASTIZAL,2,ALTO,60.10944779,55.7010286,CARRETERA_FEDERAL,273065
Veracruz de Ignacio de la Llave,Huayacocotla,Huayacocotla,HYC,Huayacocotla y Sierra de Vinazco,1,6113,20.53727722,-98.47915194,RH27Dc,R. Vinazco,2564.78 ,2168,6.650614755,31.5939409,MESETA,4.355996247,CABECERA,24,12.6430605,Cwb,1146.885,16.26,12.7,PASTIZAL,2,ALTO,71.19286249,61.93411911,CARRETERA_FEDERAL,15075
Veracruz de Ignacio de la Llave,Huayacocotla,Palo Bendito,HYC,Huayacocotla y Sierra de Vinazco,22,1152,20.45685889,-98.49946472,RH26Dv,R. Metztitlán,2821.42 ,2347,5.465926905,16.64299406,MESETA,9.578790815,CABECERA,20.34,13.22658538,Cwb,1146.885,16.26,12.7,PASTIZAL,2,ALTO,65.26619367,60.0148442,CARRETERA_FEDERAL,272955
Veracruz de Ignacio de la Llave,Ilamatlán,Chahuatlán,HYC,Huayacocotla y Sierra de Vinazco,7,1029,20.78344278,-98.39314583,RH26Dw,R. Calabozo,2154.50 ,369,19.05731575,51.50666597,LADERA,0.195318545,BAJA,4.75,13.04146069,Aw,1325.8575,23.15,0,BOSQUE_PINO_ENCINO,4,ALTO,91.87675282,73.15888592,CARRETERA_FEDERAL,34101
Veracruz de Ignacio de la Llave,Ilamatlán,San Pablo Mitecatlán,HYC,Huayacocotla y Sierra de Vinazco,11,1017,20.70667417,-98.52092722,RH26Dw,R. Calabozo,2154.50 ,1415,26.4221996,43.81560325,LADERA,3.956502997,MEDIA,20.44,13.3504709,Cwb,1146.885,16.26,12.7,PASTIZAL,2,ALTO,89.54672415,76.2616049,CARRETERA_FEDERAL,34113
Veracruz de Ignacio de la Llave,Texcatepec,Ayotuxtla,HYC,Huayacocotla y Sierra de Vinazco,3,2056,20.64912167,-98.30222583,RH27Dc,R. Vinazco,2564.78 ,924,24.95553906,52.58359869,LADERA,1.429170667,MEDIA,16.27,12.76705573,Aw,1260.1125,19.68,2.5,BOSQUE_PINO_ENCINO,4,ALTO,74.74889217,55.59557734,CARRETERA_FEDERAL,19132
Veracruz de Ignacio de la Llave,Texcatepec,Texcatepec,HYC,Huayacocotla y Sierra de Vinazco,1,1030,20.58481944,-98.36456444,RH27Dc,R. Vinazco,2564.78 ,1864,17.4254269,37.14656873,LOMA,3.607954674,CABECERA,24,13.3140869,Aw,1260.1125,19.68,2.5,PASTIZAL,2,ALTO,70.18358866,55.09568463,CARRETERA_FEDERAL,20158
Veracruz de Ignacio de la Llave,Texcatepec,Tzicatlán,HYC,Huayacocotla y Sierra de Vinazco,14,1177,20.67508778,-98.23545056,RH27Dc,R. Vinazco,2564.78 ,304,10.3752873,31.34060633,LOMA,0.264097792,BAJA,6.97,12.85546353,Aw,1260.1125,19.68,2.5,PASTIZAL,2,ALTO,75.94691851,53.85048217,CARRETERA_FEDERAL,20011
Veracruz de Ignacio de la Llave,Tlachichilco,Otatitlán,HYC,Huayacocotla y Sierra de Vinazco,13,1429,20.63562639,-98.13873917,RH27Dc,R. Vinazco,2564.78 ,571,20.34776079,38.26828876,LADERA,3.572714331,BAJA,10.98,12.78324737,Aw,1260.1125,19.68,2.5,BOSQUE_PINO_ENCINO,4,ALTO,70.36764425,45.20996443,CARRETERA_FEDERAL,19759
Veracruz de Ignacio de la Llave,Tlachichilco,Tlachichilco,HYC,Huayacocotla y Sierra de Vinazco,1,1497,20.62156861,-98.19904861,RH27Dc,R. Vinazco,2564.78 ,799,18.57797444,40.3983416,LADERA,5.656135486,BAJA,14.4,13.12382231,Aw,1260.1125,19.68,2.5,BOSQUE_PINO_ENCINO,4,ALTO,69.44421991,46.7935353,CARRETERA_FEDERAL,19691
Veracruz de Ignacio de la Llave,Zacualpan,Zacualpan,HYC,Huayacocotla y Sierra de Vinazco,1,757,20.43370667,-98.34869694,RH27Dc,R. Vinazco,2564.78 ,1696,14.27880136,33.26248339,LOMA,12.37262701,CABECERA,24,13.1627813,Aw,1260.1125,19.68,2.5,PASTIZAL,2,ALTO,54.3003953,44.58827257,CARRETERA_FEDERAL,20431
Veracruz de Ignacio de la Llave,Zontecomatlán de López y Fuentes,Tetzacual,HYC,Huayacocotla y Sierra de Vinazco,24,1098,20.77358778,-98.26760056,RH26Dw,R. Calabozo,2154.50 ,408,16.16729936,49.21619893,LOMA,4.056696036,BAJA,5.34,12.84915067,Aw,1325.8575,23.15,0,PASTIZAL,2,ALTO,87.34767516,64.97863792,CARRETERA_FEDERAL,34032
Hidalgo,Mineral de la Reforma,Azoyatla de Ocampo,PMN,Pachuca Metropolitana Norte,3,4477,20.09833861,-98.69427972,RH26Dt,R. Tezontepec,2067.25 ,2476,5.490240163,18.36405994,MESETA,11.3874919,MEDIA,7.78,13.1064533,Cwb,1022.7,14.45,15.2,URBANO,0,ALTO,62.85284836,20.22390243,CARRETERA_FEDERAL,821694
Hidalgo,Mineral de la Reforma,Campestre Villas del Álamo,PMN,Pachuca Metropolitana Norte,93,5862,20.10204944,-98.70623528,RH26Dt,R. Tezontepec,2067.25 ,2433,3.473408624,13.79910835,MESETA,11.03675693,MEDIA,7.14,12.65930808,Cwb,1022.7,14.45,15.2,URBANO,0,ALTO,64.15281138,20.77854226,CARRETERA_FEDERAL,820309
Hidalgo,Mineral de la Reforma,Carboneras Fraccionamiento,PMN,Pachuca Metropolitana Norte,100,2818,20.08648528,-98.69771222,RH26Dt,R. Tezontepec,2067.25 ,2517,10.24682483,22.24915554,LOMA,10.13034417,MEDIA,8.4,13.14114767,Cwb,1022.7,14.45,15.2,URBANO,0,ALTO,63.00668869,18.94616467,CARRETERA_FEDERAL,823353
Hidalgo,Mineral de la Reforma,La Providencia Siglo XXI,PMN,Pachuca Metropolitana Norte,27,22705,20.06483167,-98.71945389,RH26Dt,R. Tezontepec,2067.25 ,2389,4.200682748,12.92426042,MESETA,6.82664985,BAJA,6.48,13.13255816,Cwb,1022.7,14.45,15.2,URBANO,0,ALTO,64.97209699,16.99215003,CARRETERA_FEDERAL,803466
Hidalgo,Mineral de la Reforma,Pachuquilla,PMN,Pachuca Metropolitana Norte,1,9559,20.07237139,-98.69603472,RH26Dt,R. Tezontepec,2067.25 ,2434,5.228900014,17.18895865,MESETA,9.108225809,MEDIA,7.15,13.49016843,Cwb,1022.7,14.45,15.2,URBANO,0,ALTO,62.62972481,17.3652677,CARRETERA_FEDERAL,816612
Hidalgo,Mineral de la Reforma,Paseo de las Reynas,PMN,Pachuca Metropolitana Norte,108,1726,20.08578861,-98.71048278,RH26Dt,R. Tezontepec,2067.25 ,2442,5.694374226,15.92364057,MESETA,9.267190195,MEDIA,7.27,13.0864856,Cwb,1022.7,14.45,15.2,URBANO,0,ALTO,64.31735665,19.0642293,CARRETERA_FEDERAL,824445
Hidalgo,Mineral de la Reforma,Unidad Minera 11 de Julio,PMN,Pachuca Metropolitana Norte,147,5108,20.10528639,-98.72282083,RH26Dt,R. Tezontepec,2067.25 ,2421,7.496060428,22.927251,LOMA,10.60161044,MEDIA,6.96,13.40293305,Cwb,1022.7,14.45,15.2,URBANO,0,ALTO,65.92132495,21.44964753,CARRETERA_FEDERAL,821063
Hidalgo,Mineral de la Reforma,Villas del Álamo,PMN,Pachuca Metropolitana Norte,146,2501,20.09801389,-98.70901528,RH26Dt,R. Tezontepec,2067.25 ,2425,3.344056423,11.13561505,MESETA,10.50228655,MEDIA,7.02,12.58673975,Cwb,1022.7,14.45,15.2,URBANO,0,ALTO,64.36666308,20.37894783,CARRETERA_FEDERAL,823670
Hidalgo,Pachuca de Soto,Camelia (Barrio la Camelia),PMN,Pachuca Metropolitana Norte,149,1742,20.14910639,-98.72185472,RH26Dt,R. Tezontepec,2067.25 ,2574,15.60338707,36.88635075,LOMA,15.27390335,CABECERA,9.25,12.85709899,Cwb,1022.7,14.45,15.2,URBANO,0,ALTO,66.80896613,26.21147112,CARRETERA_FEDERAL,824429
Hidalgo,Pachuca de Soto,Pachuca de Soto Centro,PMN,Pachuca Metropolitana Norte,1,297848,20.12235972,-98.73700056,RH26Dt,R. Tezontepec,2067.25 ,2401,3.521321679,10.1021866,MESETA,12.01168026,BAJA,6.66,12.79146329,Cwb,1022.7,14.45,15.2,URBANO,0,ALTO,67.71782788,23.65240316,CARRETERA_FEDERAL,528323
Hidalgo,Pachuca de Soto,San Miguel Cerezo (El Cerezo),PMN,Pachuca Metropolitana Norte,150,2014,20.15851833,-98.72880083,RH26Dt,R. Tezontepec,2067.25 ,2668,16.48677787,40.49363195,LOMA,16.12677951,CABECERA,10.66,12.78965987,Cwb,1022.7,14.45,15.2,URBANO,0,ALTO,67.76739568,27.37595068,CARRETERA_FEDERAL,824157
Hidalgo,Pachuca de Soto,Santa Gertrudis,PMN,Pachuca Metropolitana Norte,193,1662,20.08651361,-98.80489722,RH26Dt,R. Tezontepec,2067.25 ,2430,4.991499764,13.43699681,MESETA,9.101452284,MEDIA,7.09,13.40787714,Cwb,1022.7,14.45,15.2,URBANO,0,ALTO,74.11267002,23.061152,CARRETERA_FEDERAL,824509
Hidalgo,Pachuca de Soto,Santiago Tlapacoya,PMN,Pachuca Metropolitana Norte,158,4712,20.10177583,-98.83363611,RH26Dr,R. Actopan,1319.24 ,2557,5.057627599,14.92857642,MESETA,12.22855165,CABECERA,14.36,13.28564761,Cwb,1022.7,14.45,15.2,URBANO,0,ALTO,77.30756866,23.66437651,CARRETERA_FEDERAL,162521
Hidalgo,Mineral de la Reforma,Cipreses,PMS,Pachuca Metropolitana Sur,95,1867,20.05911056,-98.76549361,RH26Dt,R. Tezontepec,2067.25 ,2352,2.736861539,8.330240639,VALLE,4.770320074,BAJA,5.92,11.7566982,Cwb,1022.7,14.45,15.2,URBANO,0,ALTO,69.70619492,18.26362865,CARRETERA_FEDERAL,824304
Hidalgo,Mineral de la Reforma,Colinas de Plata,PMS,Pachuca Metropolitana Sur,63,5579,20.07907139,-98.7255375,RH26Dt,R. Tezontepec,2067.25 ,2427,8.906004069,21.61397976,LOMA,7.821637551,MEDIA,7.04,13.22821398,Cwb,1022.7,14.45,15.2,URBANO,0,ALTO,65.78021775,18.68871165,CARRETERA_FEDERAL,820592
Hidalgo,Mineral de la Reforma,Colonia Militar,PMS,Pachuca Metropolitana Sur,23,1861,20.11294028,-98.70409639,RH26Dt,R. Tezontepec,2067.25 ,2524,9.95916233,27.2924252,LOMA,12.20218573,MEDIA,8.5,13.12808663,Cwb,1022.7,14.45,15.2,URBANO,0,ALTO,64.14526151,21.94956537,CARRETERA_FEDERAL,824310
Hidalgo,Mineral de la Reforma,Dos Carlos Pueblo Nuevo,PMS,Pachuca Metropolitana Sur,10,2938,20.114725,-98.69587889,RH26Dt,R. Tezontepec,2067.25 ,2502,8.728682162,21.82241142,LOMA,12.80348633,MEDIA,8.17,13.39967583,Cwb,1022.7,14.45,15.2,URBANO,0,ALTO,63.33933986,22.05564184,CARRETERA_FEDERAL,823233
Hidalgo,Mineral de la Reforma,El Paraíso,PMS,Pachuca Metropolitana Sur,82,1877,20.06042194,-98.74060333,RH26Dt,R. Tezontepec,2067.25 ,2361,4.590664865,12.6912938,MESETA,5.274260667,BAJA,6.06,13.21627409,Cwb,1022.7,14.45,15.2,URBANO,0,ALTO,67.12663025,17.23692965,CARRETERA_FEDERAL,824294
Hidalgo,Mineral de la Reforma,El Roble,PMS,Pachuca Metropolitana Sur,134,1058,20.05824694,-98.75785583,RH26Dt,R. Tezontepec,2067.25 ,2357,3.822166372,9.961612766,MESETA,4.640814392,BAJA,6,12.66295299,Cwb,1022.7,14.45,15.2,URBANO,0,ALTO,68.90257236,17.79017231,CARRETERA_FEDERAL,825113
Hidalgo,Mineral de la Reforma,El Saucillo,PMS,Pachuca Metropolitana Sur,14,3399,20.07651361,-98.73709611,RH26Dt,R. Tezontepec,2067.25 ,2375,4.652316853,25.45910539,MESETA,7.078730701,BAJA,6.26,12.67835111,Cwb,1022.7,14.45,15.2,URBANO,0,ALTO,66.94559089,18.77968531,CARRETERA_FEDERAL,822772
Hidalgo,Mineral de la Reforma,El Saucillo Fraccionamiento,PMS,Pachuca Metropolitana Sur,139,10317,20.06813056,-98.73416,RH26Dt,R. Tezontepec,2067.25 ,2383,4.920033922,13.75673128,MESETA,6.330960968,BAJA,6.38,12.85973793,Cwb,1022.7,14.45,15.2,URBANO,0,ALTO,66.53848768,17.79759749,CARRETERA_FEDERAL,815854
Hidalgo,Mineral de la Reforma,El Venado,PMS,Pachuca Metropolitana Sur,17,1920,20.06504556,-98.75819222,RH26Dt,R. Tezontepec,2067.25 ,2362,4.834994344,13.57214397,MESETA,5.395839431,BAJA,6.07,12.60059248,Cwb,1022.7,14.45,15.2,URBANO,0,ALTO,69.00449168,18.47676263,CARRETERA_FEDERAL,824251
Hidalgo,Mineral de la Reforma,Forjadores de Pachuca,PMS,Pachuca Metropolitana Sur,99,4027,20.05464972,-98.76432028,RH26Dt,R. Tezontepec,2067.25 ,2353,2.979571047,8.158677156,VALLE,4.262686814,BAJA,5.94,11.82339566,Cwb,1022.7,14.45,15.2,URBANO,0,ALTO,69.54428827,17.77349511,CARRETERA_FEDERAL,822144
Hidalgo,Mineral de la Reforma,Guadalupe Minerva,PMS,Pachuca Metropolitana Sur,101,1907,20.12563194,-98.71404972,RH26Dt,R. Tezontepec,2067.25 ,2482,13.39738873,31.60083477,LOMA,13.04467173,MEDIA,7.87,13.10719577,Cwb,1022.7,14.45,15.2,URBANO,0,ALTO,65.43881672,23.49792599,CARRETERA_FEDERAL,824264
Hidalgo,Mineral de la Reforma,Hacienda Margarita,PMS,Pachuca Metropolitana Sur,151,5155,19.99716639,-98.72368861,RH26Dt,R. Tezontepec,2067.25 ,2345,3.522012191,10.45783378,MESETA,4.252004841,BAJA,5.82,11.78755317,Cwb,1022.7,14.45,15.2,URBANO,0,ALTO,65.09961244,10.11044524,CARRETERA_FEDERAL,821016
Hidalgo,Mineral de la Reforma,La Colonia,PMS,Pachuca Metropolitana Sur,96,3021,20.05550833,-98.77063194,RH26Dt,R. Tezontepec,2067.25 ,2349,3.327602643,16.13136671,MESETA,4.478063078,BAJA,5.88,11.84446897,Cwb,1022.7,14.45,15.2,URBANO,0,ALTO,70.20947643,18.199875,CARRETERA_FEDERAL,823150
Hidalgo,Mineral de la Reforma,La Noria,PMS,Pachuca Metropolitana Sur,8,1412,20.050925,-98.74274444,RH26Dt,R. Tezontepec,2067.25 ,2349,3.050996599,10.00259382,MESETA,4.215829347,BAJA,5.88,11.9314322,Cwb,1022.7,14.45,15.2,URBANO,0,ALTO,67.26407142,16.35722047,CARRETERA_FEDERAL,824759
Hidalgo,Mineral de la Reforma,La Reforma,PMS,Pachuca Metropolitana Sur,57,1355,20.07016944,-98.74769056,RH26Dt,R. Tezontepec,2067.25 ,2357,4.312615225,12.66102164,MESETA,6.095993511,BAJA,6,11.80508218,Cwb,1022.7,14.45,15.2,URBANO,0,ALTO,67.96855343,18.52470052,CARRETERA_FEDERAL,824816
Hidalgo,Mineral de la Reforma,Los Tuzos,PMS,Pachuca Metropolitana Sur,78,6670,20.05187333,-98.75563778,RH26Dt,R. Tezontepec,2067.25 ,2347,3.590117365,8.565909765,MESETA,3.950691137,BAJA,5.84,11.6365822,Cwb,1022.7,14.45,15.2,URBANO,0,ALTO,68.6160757,17.05582514,CARRETERA_FEDERAL,819501
Hidalgo,Mineral de la Reforma,Magisterio Digno,PMS,Pachuca Metropolitana Sur,106,2026,20.05723667,-98.76911944,RH26Dt,R. Tezontepec,2067.25 ,2352,2.763048225,8.302303586,VALLE,4.628453214,BAJA,5.92,11.89896691,Cwb,1022.7,14.45,15.2,URBANO,0,ALTO,70.06693497,18.27938781,CARRETERA_FEDERAL,824145
Hidalgo,Mineral de la Reforma,Manuel Ávila Camacho,PMS,Pachuca Metropolitana Sur,107,3003,20.11197722,-98.70886222,RH26Dt,R. Tezontepec,2067.25 ,2485,10.00122802,27.19271567,LOMA,11.87667002,MEDIA,7.92,13.35527438,Cwb,1022.7,14.45,15.2,URBANO,0,ALTO,64.61504437,21.91200346,CARRETERA_FEDERAL,823168
Hidalgo,Mineral de la Reforma,Nuevo Centro de Población Agrícola el Chacón,PMS,Pachuca Metropolitana Sur,33,2218,20.07046667,-98.73931306,RH26Dt,R. Tezontepec,2067.25 ,2363,4.803320263,20.53925324,MESETA,6.366860375,BAJA,6.08,12.33401663,Cwb,1022.7,14.45,15.2,URBANO,0,ALTO,67.10124371,18.22680643,CARRETERA_FEDERAL,823953
Hidalgo,Mineral de la Reforma,Paseo de los Tulipanes,PMS,Pachuca Metropolitana Sur,142,1877,20.06250306,-98.76677778,RH26Dt,R. Tezontepec,2067.25 ,2351,3.224956856,11.4592118,MESETA,5.162547263,BAJA,5.9,11.74410063,Cwb,1022.7,14.45,15.2,URBANO,0,ALTO,69.87237056,18.65759134,CARRETERA_FEDERAL,824294
Hidalgo,Mineral de la Reforma,Paseos de Chavarría,PMS,Pachuca Metropolitana Sur,148,22023,20.04521361,-98.72123444,RH26Dt,R. Tezontepec,2067.25 ,2357,3.571217957,8.565802042,MESETA,5.136997008,BAJA,6,11.89005379,Cwb,1022.7,14.45,15.2,URBANO,0,ALTO,64.97647801,14.9486019,CARRETERA_FEDERAL,804148
Hidalgo,Mineral de la Reforma,Praderas de Virreyes,PMS,Pachuca Metropolitana Sur,152,4638,20.03698917,-98.7031,RH26Dt,R. Tezontepec,2067.25 ,2374,3.112970187,8.350483684,MESETA,6.346578619,BAJA,6.25,12.46559507,Cwb,1022.7,14.45,15.2,URBANO,0,ALTO,63.02888868,13.58372156,CARRETERA_FEDERAL,821533
Hidalgo,Mineral de la Reforma,PRI Chacón,PMS,Pachuca Metropolitana Sur,55,2778,20.08138889,-98.73694444,RH26Dt,R. Tezontepec,2067.25 ,2376,5.182783494,27.62625442,MESETA,7.597224411,BAJA,6.28,12.83720468,Cwb,1022.7,14.45,15.2,URBANO,0,ALTO,66.9949942,19.2874123,CARRETERA_FEDERAL,823393
Hidalgo,Mineral de la Reforma,Privada del Álamo,PMS,Pachuca Metropolitana Sur,113,1245,20.09837361,-98.70025639,RH26Dt,R. Tezontepec,2067.25 ,2453,5.045847709,18.58376234,MESETA,11.02636921,MEDIA,7.44,13.20810882,Cwb,1022.7,14.45,15.2,URBANO,0,ALTO,63.46967328,20.29124769,CARRETERA_FEDERAL,824926
Hidalgo,Mineral de la Reforma,Privadas de San Javier,PMS,Pachuca Metropolitana Sur,119,1055,20.09828722,-98.71993556,RH26Dt,R. Tezontepec,2067.25 ,2449,7.627168929,20.02502233,LOMA,10.0019422,MEDIA,7.38,13.45200824,Cwb,1022.7,14.45,15.2,URBANO,0,ALTO,65.49823834,20.62358103,CARRETERA_FEDERAL,825116
Hidalgo,Mineral de la Reforma,Rinconada de los Ángeles,PMS,Pachuca Metropolitana Sur,83,6754,20.02885278,-98.71448944,RH26Dt,R. Tezontepec,2067.25 ,2359,3.059501704,7.833314115,MESETA,4.928425324,BAJA,6.02,12.55147383,Cwb,1022.7,14.45,15.2,URBANO,0,ALTO,64.17672331,12.99954426,CARRETERA_FEDERAL,819417
Hidalgo,Mineral de la Reforma,Rinconadas de San Francisco,PMS,Pachuca Metropolitana Sur,130,1406,20.06611111,-98.76805556,RH26Dt,R. Tezontepec,2067.25 ,2354,4.275072392,15.59715526,MESETA,5.579597855,BAJA,5.95,11.99452849,Cwb,1022.7,14.45,15.2,URBANO,0,ALTO,70.04202043,19.07232818,CARRETERA_FEDERAL,824765
Hidalgo,Mineral de la Reforma,Rinconadas del Venado I,PMS,Pachuca Metropolitana Sur,126,1097,20.06342972,-98.76277,RH26Dt,R. Tezontepec,2067.25 ,2352,3.62051782,11.24019683,MESETA,5.222867331,BAJA,5.92,12.09283568,Cwb,1022.7,14.45,15.2,URBANO,0,ALTO,69.46436705,18.5420566,CARRETERA_FEDERAL,825074
Hidalgo,Mineral de la Reforma,Río de la Soledad,PMS,Pachuca Metropolitana Sur,133,1814,20.11552389,-98.71247028,RH26Dt,R. Tezontepec,2067.25 ,2439,8.03591938,26.75192357,LOMA,12.07154887,MEDIA,7.22,13.2387117,Cwb,1022.7,14.45,15.2,URBANO,0,ALTO,65.05815714,22.36086754,CARRETERA_FEDERAL,824357
Hidalgo,Mineral de la Reforma,San Fernando,PMS,Pachuca Metropolitana Sur,84,4562,20.04897583,-98.73160583,RH26Dt,R. Tezontepec,2067.25 ,2354,4.021966256,10.88259829,MESETA,4.654742397,BAJA,5.95,11.96951204,Cwb,1022.7,14.45,15.2,URBANO,0,ALTO,66.08698027,15.70465537,CARRETERA_FEDERAL,821609
Hidalgo,Mineral de la Reforma,San José,PMS,Pachuca Metropolitana Sur,138,1440,20.05777778,-98.75444444,RH26Dt,R. Tezontepec,2067.25 ,2350,3.883214361,9.961592179,MESETA,4.617971911,BAJA,5.89,12.59850602,Cwb,1022.7,14.45,15.2,URBANO,0,ALTO,68.54286877,17.57821413,CARRETERA_FEDERAL,824731
Hidalgo,Mineral de la Reforma,San Luis II,PMS,Pachuca Metropolitana Sur,150,1457,20.05127222,-98.71364722,RH26Dt,R. Tezontepec,2067.25 ,2366,4.180116522,14.25371097,MESETA,6.177663325,BAJA,6.13,12.6636993,Cwb,1022.7,14.45,15.2,URBANO,0,ALTO,64.23370996,15.37858842,CARRETERA_FEDERAL,824714
Hidalgo,Mineral de la Reforma,Santa María la Calera,PMS,Pachuca Metropolitana Sur,6,2261,20.03174111,-98.71620167,RH26Dt,R. Tezontepec,2067.25 ,2371,3.021082451,7.917615543,MESETA,4.858524418,BAJA,6.2,12.42205194,Cwb,1022.7,14.45,15.2,URBANO,0,ALTO,64.36882175,13.35993619,CARRETERA_FEDERAL,823910
Hidalgo,Mineral de la Reforma,Santiago Jaltepec,PMS,Pachuca Metropolitana Sur,29,1958,20.11277472,-98.71318167,RH26Dt,R. Tezontepec,2067.25 ,2438,7.526264871,27.47317402,MESETA,11.76207815,MEDIA,7.21,13.250629,Cwb,1022.7,14.45,15.2,URBANO,0,ALTO,65.07487498,22.07140978,CARRETERA_FEDERAL,824213
Hidalgo,Mineral de la Reforma,Tulipanes,PMS,Pachuca Metropolitana Sur,141,2155,20.06058,-98.76758167,RH26Dt,R. Tezontepec,2067.25 ,2352,2.878726335,10.72762521,VALLE,4.963871948,BAJA,5.92,11.70608111,Cwb,1022.7,14.45,15.2,URBANO,0,ALTO,69.93747616,18.51513378,CARRETERA_FEDERAL,824016
Hidalgo,Pachuca de Soto,El Huixmí,PMS,Pachuca Metropolitana Sur,153,3294,20.07613556,-98.81996694,RH26Dt,R. Tezontepec,2067.25 ,2457,4.058737873,10.00726037,MESETA,9.140113578,MEDIA,7.5,13.16705251,Cwb,1022.7,14.45,15.2,URBANO,0,ALTO,75.55066256,21.57117561,CARRETERA_FEDERAL,822877
Hidalgo,Zempoala,Acelotla de Ocampo,PMS,Pachuca Metropolitana Sur,2,1179,19.88126917,-98.65554583,RH26Dt,R. Tezontepec,2067.25 ,2467,4.520590527,12.22138332,MESETA,17.52003375,MEDIA,7.64,13.23624624,Cwb,1022.7,14.45,15.2,AGRICULTURA_TEMPORAL,1,ALTO,59.60801798,4.631252914,CARRETERA_FEDERAL,824992
Hidalgo,Zempoala,El Mirador,PMS,Pachuca Metropolitana Sur,60,2385,20.03029667,-98.81279222,RH26Dt,R. Tezontepec,2067.25 ,2381,4.780918101,10.87805829,MESETA,5.472048628,BAJA,6.36,13.50153683,Cwb,1022.7,14.45,15.2,AGRICULTURA_TEMPORAL,1,ALTO,74.45537607,17.53001552,CARRETERA_FEDERAL,823786
Hidalgo,Zempoala,Jagüey de Téllez (Estación Téllez),PMS,Pachuca Metropolitana Sur,23,3639,19.98203778,-98.78873028,RH26Dt,R. Tezontepec,2067.25 ,2352,3.997846207,10.87760291,MESETA,0.353213893,BAJA,5.92,13.377484,Cwb,1022.7,14.45,15.2,AGRICULTURA_TEMPORAL,1,ALTO,71.94870197,13.67759319,CARRETERA_FEDERAL,822532
Hidalgo,Zempoala,Lindavista,PMS,Pachuca Metropolitana Sur,102,4157,20.02574056,-98.7986425,RH26Dt,R. Tezontepec,2067.25 ,2387,4.531931565,11.17575241,MESETA,4.100963639,BAJA,6.44,12.77851508,Cwb,1022.7,14.45,15.2,AGRICULTURA_TEMPORAL,1,ALTO,72.9605256,17.49060528,CARRETERA_FEDERAL,822014
Hidalgo,Zempoala,Privadas Santa Matilde,PMS,Pachuca Metropolitana Sur,133,17589,20.02040889,-98.78939028,RH26Dt,R. Tezontepec,2067.25 ,2335,3.476632479,10.52451547,MESETA,2.96448458,BAJA,5.66,11.66878452,Cwb,1022.7,14.45,15.2,AGRICULTURA_TEMPORAL,1,ALTO,71.97872168,16.38263582,CARRETERA_FEDERAL,808582
Hidalgo,Zempoala,San Agustín Zapotlán,PMS,Pachuca Metropolitana Sur,15,1197,19.87727111,-98.71549639,RH26Dt,R. Tezontepec,2067.25 ,2376,3.153310354,8.820366676,MESETA,11.97565846,BAJA,6.28,12.9463517,Cwb,1022.7,14.45,15.2,AGRICULTURA_TEMPORAL,1,ALTO,65.82732645,5.970897721,CARRETERA_FEDERAL,824974
Hidalgo,Zempoala,San Gabriel Azteca,PMS,Pachuca Metropolitana Sur,17,1117,19.87934583,-98.61691694,RH26Dt,R. Tezontepec,2067.25 ,2561,3.829063756,11.16414669,MESETA,20.84346946,CABECERA,9.06,12.75170425,Cwb,1022.7,14.45,15.2,AGRICULTURA_TEMPORAL,1,ALTO,55.73416968,7.630634931,CARRETERA_FEDERAL,825054
Hidalgo,Zempoala,San Pedro Tlaquilpan,PMS,Pachuca Metropolitana Sur,29,2426,19.94377556,-98.75228306,RH26Dt,R. Tezontepec,2067.25 ,2493,7.657896866,23.49410809,LOMA,5.6173642,MEDIA,8.04,13.30994828,Cwb,1022.7,14.45,15.2,AGRICULTURA_TEMPORAL,1,ALTO,68.44313738,8.352308737,CARRETERA_FEDERAL,823745
Hidalgo,Zempoala,Santiago Tepeyahualco,PMS,Pachuca Metropolitana Sur,26,2514,19.84706833,-98.67080611,RH26Dt,R. Tezontepec,2067.25 ,2450,5.402347153,25.31423866,MESETA,17.73680905,MEDIA,7.39,13.25701329,Cwb,1022.7,14.45,15.2,AGRICULTURA_TEMPORAL,1,ALTO,62.14071442,7.855087805,CARRETERA_FEDERAL,823657
Hidalgo,Zempoala,Santo Tomás,PMS,Pachuca Metropolitana Sur,21,2053,19.90278278,-98.56790056,RH26Dt,R. Tezontepec,2067.25 ,2659,3.792123084,10.71265889,MESETA,21.98486568,CABECERA,10.52,12.88352987,Cwb,1022.7,14.45,15.2,AGRICULTURA_TEMPORAL,1,ALTO,50.12200316,11.59449785,CARRETERA_FEDERAL,824118
Hidalgo,Zempoala,Villas de San Marcos,PMS,Pachuca Metropolitana Sur,134,1203,20.02892361,-98.78647722,RH26Dt,R. Tezontepec,2067.25 ,2343,3.886190479,11.77659719,MESETA,3.112062316,BAJA,5.78,11.80529215,Cwb,1022.7,14.45,15.2,AGRICULTURA_TEMPORAL,1,ALTO,71.69997515,16.85206313,CARRETERA_FEDERAL,824968
Hidalgo,Zempoala,Zempoala,PMS,Pachuca Metropolitana Sur,1,7205,19.91539667,-98.66813056,RH26Dt,R. Tezontepec,2067.25 ,2457,3.647125005,11.04113183,MESETA,14.13796666,MEDIA,7.5,13.23022385,Cwb,1022.7,14.45,15.2,AGRICULTURA_TEMPORAL,1,ALTO,60.13655256,1.01283504,CARRETERA_FEDERAL,818966
Hidalgo,Acaxochitlán,Acaxochitlán,SPP,Sierra de Pahuatlán y Otomí-Tepehua,1,3908,20.15869333,-98.20324417,RH27Cb,R. San Marcos,1635.23 ,2265,8.407600428,25.73670554,LOMA,32.32010885,CABECERA,24,12.96435305,Cwb,1059.225,15.01,15.2,AGRICULTURA_TEMPORAL,1,ALTO,20.19809812,27.16546964,CARRETERA_FEDERAL,139165
Hidalgo,Acaxochitlán,Chimalapa,SPP,Sierra de Pahuatlán y Otomí-Tepehua,28,2217,20.18817639,-98.15986833,RH27Cb,R. San Marcos,1635.23 ,2054,14.19254357,43.44549902,LOMA,29.17245595,CABECERA,24,12.88267233,Cwb,1059.225,15.01,15.2,AGRICULTURA_TEMPORAL,1,ALTO,21.34234125,21.72484971,CARRETERA_FEDERAL,140856
Hidalgo,Acaxochitlán,La Bóveda,SPP,Sierra de Pahuatlán y Otomí-Tepehua,3,1402,20.12499056,-98.12784639,RH27Bb,R. Necaxa,900.78 ,2162,4.375104543,15.61898102,MESETA,23.7689745,CABECERA,24,12.61793818,Cwb,1059.225,15.01,15.2,AGRICULTURA_TEMPORAL,1,ALTO,13.69756711,22.45184309,CARRETERA_FEDERAL,153120
Hidalgo,Acaxochitlán,La Mesa,SPP,Sierra de Pahuatlán y Otomí-Tepehua,5,1189,20.09034472,-98.22443056,RH27Cb,R. San Marcos,1635.23 ,2372,14.19193797,36.90837625,LOMA,30.93347213,CABECERA,24,12.92791113,Cwb,1059.225,15.01,15.2,AGRICULTURA_TEMPORAL,1,ALTO,16.02401651,32.82670528,CARRETERA_FEDERAL,141884
Hidalgo,Acaxochitlán,Los Reyes,SPP,Sierra de Pahuatlán y Otomí-Tepehua,7,3997,20.15533667,-98.16417083,RH27Cb,R. San Marcos,1635.23 ,2262,9.120045091,21.76450415,LOMA,28.2992483,CABECERA,24,12.54589391,Cwb,1059.225,15.01,15.2,AGRICULTURA_TEMPORAL,1,ALTO,18.02917654,23.65978349,CARRETERA_FEDERAL,139076
Hidalgo,Acaxochitlán,San Francisco Atotonilco,SPP,Sierra de Pahuatlán y Otomí-Tepehua,8,1748,20.19499056,-98.15164222,RH27Cb,R. San Marcos,1635.23 ,1783,20.6589453,44.18998726,LADERA,28.7189913,CABECERA,24,13.52681161,Cwb,1059.225,15.01,15.2,AGRICULTURA_TEMPORAL,1,ALTO,21.84799737,20.65696882,CARRETERA_FEDERAL,141325
Hidalgo,Acaxochitlán,San Mateo,SPP,Sierra de Pahuatlán y Otomí-Tepehua,10,2691,20.18237333,-98.24683194,RH27Cb,R. San Marcos,1635.23 ,2291,6.967546588,20.24094129,MESETA,37.43701758,CABECERA,24,12.44698043,Cwb,1059.225,15.01,15.2,AGRICULTURA_TEMPORAL,1,ALTO,24.96069978,30.56969662,CARRETERA_FEDERAL,140382
Hidalgo,Acaxochitlán,San Pedro Tlachichilco,SPP,Sierra de Pahuatlán y Otomí-Tepehua,12,2318,20.16057111,-98.26306694,RH26Dv,R. Metztitlán,2821.42 ,2199,3.42865516,11.6504016,MESETA,38.42235516,MEDIA,18.12,12.43731423,Cwb,1059.225,15.01,15.2,AGRICULTURA_TEMPORAL,1,ALTO,24.2342674,32.91735636,CARRETERA_FEDERAL,271789
Hidalgo,Acaxochitlán,Santa Ana Tzacuala,SPP,Sierra de Pahuatlán y Otomí-Tepehua,13,4050,20.1967975,-98.20313056,RH27Cb,R. San Marcos,1635.23 ,2214,5.931590015,16.75716128,MESETA,33.70156066,CABECERA,24,12.73030958,Cwb,1059.225,15.01,15.2,AGRICULTURA_TEMPORAL,1,ALTO,23.90172893,25.73902404,CARRETERA_FEDERAL,139023
Hidalgo,Acaxochitlán,Tepepa (Santiago Tepepa),SPP,Sierra de Pahuatlán y Otomí-Tepehua,16,5113,20.12579806,-98.17874861,RH27Cb,R. San Marcos,1635.23 ,2288,10.1678103,23.20430741,LOMA,29.00673011,CABECERA,24,12.86173471,Cwb,1059.225,15.01,15.2,AGRICULTURA_TEMPORAL,1,ALTO,15.73981796,26.65860266,CARRETERA_FEDERAL,137960
Hidalgo,Acaxochitlán,Tlacpac,SPP,Sierra de Pahuatlán y Otomí-Tepehua,17,1389,20.14909528,-98.21665472,RH27Cb,R. San Marcos,1635.23 ,2301,7.254183917,24.18154468,MESETA,33.41055081,CABECERA,24,12.79985341,Cwb,1059.225,15.01,15.2,AGRICULTURA_TEMPORAL,1,ALTO,20.1053241,28.8824826,CARRETERA_FEDERAL,141684
Hidalgo,Acaxochitlán,Tlamimilolpa,SPP,Sierra de Pahuatlán y Otomí-Tepehua,21,1459,20.13250556,-98.21134861,RH27Cb,R. San Marcos,1635.23 ,2298,8.034550911,21.18532471,LOMA,32.49135424,CABECERA,24,12.60569388,Cwb,1059.225,15.01,15.2,AGRICULTURA_TEMPORAL,1,ALTO,18.30709875,29.20884679,CARRETERA_FEDERAL,141614
Hidalgo,Acaxochitlán,Zacacuautla,SPP,Sierra de Pahuatlán y Otomí-Tepehua,26,2113,20.2152775,-98.22899056,RH27Cb,R. San Marcos,1635.23 ,2197,7.456039152,19.74828559,MESETA,35.61066883,CABECERA,24,12.91346762,Cwb,1059.225,15.01,15.2,AGRICULTURA_TEMPORAL,1,ALTO,26.98681132,27.94167796,CARRETERA_FEDERAL,140960
Puebla,Honey,Chila de Juárez,SPP,Sierra de Pahuatlán y Otomí-Tepehua,5,1220,20.27869,-98.21298694,RH27Cb,R. San Marcos,1635.23 ,1600,21.83316712,45.24029899,LADERA,28.37489824,MEDIA,24,12.84170417,Aw,1260.1125,19.68,2.5,BOSQUE_PINO_ENCINO,4,ALTO,32.67345815,25.99146899,CARRETERA_FEDERAL,141853
Puebla,Honey,Honey,SPP,Sierra de Pahuatlán y Otomí-Tepehua,1,1122,20.23921361,-98.2121375,RH27Cb,R. San Marcos,1635.23 ,2103,9.301131885,25.35422943,LOMA,32.71429894,CABECERA,24,12.59028964,Cwb,1059.225,15.01,15.2,AGRICULTURA_TEMPORAL,1,ALTO,28.57589993,25.86732701,CARRETERA_FEDERAL,141951
Puebla,Honey,La Magdalena,SPP,Sierra de Pahuatlán y Otomí-Tepehua,7,1208,20.25642306,-98.27508389,RH27Cb,R. San Marcos,1635.23 ,2221,6.101313796,19.74262747,MESETA,32.37323036,CABECERA,24,12.61254422,Aw,1260.1125,19.68,2.5,PASTIZAL,2,ALTO,33.40035402,32.36487161,CARRETERA_FEDERAL,141865
Puebla,Honey,Tonalixco,SPP,Sierra de Pahuatlán y Otomí-Tepehua,10,1133,20.23182778,-98.25476556,RH27Cb,R. San Marcos,1635.23 ,2259,9.353016001,24.06862155,LOMA,34.37280859,CABECERA,24,12.73848102,Cwb,1059.225,15.01,15.2,AGRICULTURA_TEMPORAL,1,ALTO,29.95180133,30.37425268,CARRETERA_FEDERAL,141940
Hidalgo,Huehuetla,Barrio Aztlán,SPP,Sierra de Pahuatlán y Otomí-Tepehua,5,1121,20.46590139,-98.08576806,RH27Dd,R. Pantepec,1576.89 ,506,19.23124574,41.94069914,LADERA,9.285236103,BAJA,10,13.03667164,Aw,1260.1125,19.68,2.5,BOSQUE_PINO_ENCINO,4,ALTO,51.39230803,25.86298981,CARRETERA_FEDERAL,35037
Hidalgo,Huehuetla,Huehuetla,SPP,Sierra de Pahuatlán y Otomí-Tepehua,1,2993,20.46030556,-98.07842444,RH27Dd,R. Pantepec,1576.89 ,430,18.20381494,54.91736675,LADERA,8.733161122,BAJA,8.86,12.81650404,Aw,1260.1125,19.68,2.5,BOSQUE_PINO_ENCINO,4,ALTO,50.80009619,24.94187869,CARRETERA_FEDERAL,33165
Hidalgo,Huehuetla,San Antonio el Grande,SPP,Sierra de Pahuatlán y Otomí-Tepehua,34,2108,20.4568375,-98.03487917,RH27Dd,R. Pantepec,1576.89 ,785,23.04512717,43.45402888,LADERA,4.657187595,MEDIA,14.18,12.96702569,Aw,1260.1125,19.68,2.5,BOSQUE_PINO_ENCINO,4,ALTO,50.37880459,22.6894731,CARRETERA_ESTATAL,34050
Hidalgo,Huehuetla,San Esteban,SPP,Sierra de Pahuatlán y Otomí-Tepehua,36,1645,20.54439417,-98.06014361,RH27Dd,R. Pantepec,1576.89 ,769,22.47765863,44.32364117,LADERA,6.35731301,MEDIA,13.94,12.82783393,Aw,1260.1125,19.68,2.5,BOSQUE_PINO_ENCINO,4,ALTO,60.25800294,32.76044775,CARRETERA_FEDERAL,34513
Hidalgo,Huehuetla,San Gregorio,SPP,Sierra de Pahuatlán y Otomí-Tepehua,37,1195,20.4987075,-98.01876944,RH27Dd,R. Pantepec,1576.89 ,850,18.47520416,36.53490321,LADERA,1.986359023,MEDIA,15.16,13.14158938,Aw,1260.1125,19.68,2.5,BOSQUE_PINO_ENCINO,4,ALTO,54.84572686,26.68991308,CARRETERA_ESTATAL,34963
Hidalgo,Huehuetla,San Lorenzo Achiotepec,SPP,Sierra de Pahuatlán y Otomí-Tepehua,3,1661,20.59736861,-98.06879778,RH27Dd,R. Pantepec,1576.89 ,536,20.83509619,52.76225853,LADERA,3.419665263,BAJA,10.45,13.0392096,Aw,1260.1125,19.68,2.5,BOSQUE_PINO_ENCINO,4,ALTO,66.08879132,38.65280408,CARRETERA_FEDERAL,34497
Hidalgo,Huehuetla,Santa Úrsula,SPP,Sierra de Pahuatlán y Otomí-Tepehua,41,1432,20.42013667,-98.10455,RH27Dd,R. Pantepec,1576.89 ,926,13.04145902,28.34163054,LOMA,12.42058287,MEDIA,16.3,13.29253552,Aw,1260.1125,19.68,2.5,PASTIZAL,2,ALTO,46.27299828,22.8497383,CARRETERA_FEDERAL,34726
Puebla,Naupan,Copila,SPP,Sierra de Pahuatlán y Otomí-Tepehua,2,1473,20.26920889,-98.08583333,RH27Cb,R. San Marcos,1635.23 ,1572,21.02229003,43.07820394,LADERA,21.91464531,MEDIA,24,12.99099559,Aw,1260.1125,19.68,2.5,BOSQUE_PINO_ENCINO,4,ALTO,29.51548157,12.67600668,CARRETERA_FEDERAL,141600
Puebla,Naupan,Iczotitla,SPP,Sierra de Pahuatlán y Otomí-Tepehua,7,1353,20.24547167,-98.10406167,RH27Cb,R. San Marcos,1635.23 ,1400,21.92812911,53.38383613,LADERA,25.15082722,MEDIA,23.64,13.41717944,Cwb,1059.225,15.01,15.2,AGRICULTURA_TEMPORAL,1,ALTO,26.82955689,14.55899706,CARRETERA_FEDERAL,141720
Puebla,Naupan,Naupan,SPP,Sierra de Pahuatlán y Otomí-Tepehua,1,1603,20.22847194,-98.10973306,RH27Cb,R. San Marcos,1635.23 ,1612,18.91653159,48.41401367,LADERA,26.97050195,MEDIA,24,13.01626005,Cwb,1059.225,15.01,15.2,AGRICULTURA_TEMPORAL,1,ALTO,24.95084266,15.4228726,CARRETERA_FEDERAL,141470
Puebla,Naupan,Tlaxpanaloya,SPP,Sierra de Pahuatlán y Otomí-Tepehua,10,1223,20.22366167,-98.11645861,RH27Cb,R. San Marcos,1635.23 ,1648,20.5613232,50.094213,LADERA,27.21322447,CABECERA,24,13.33288424,Cwb,1059.225,15.01,15.2,AGRICULTURA_TEMPORAL,1,ALTO,24.4507621,16.22472804,CARRETERA_FEDERAL,141850
Puebla,Pahuatlán,Atla,SPP,Sierra de Pahuatlán y Otomí-Tepehua,7,2179,20.27557972,-98.12549083,RH27Cb,R. San Marcos,1635.23 ,1122,16.47090116,34.48391763,LOMA,23.61898943,MEDIA,19.46,13.49739957,Aw,1260.1125,19.68,2.5,PASTIZAL,2,ALTO,30.28425387,16.87129966,CARRETERA_FEDERAL,140894
Puebla,Pahuatlán,Ciudad de Pahuatlán de Valle,SPP,Sierra de Pahuatlán y Otomí-Tepehua,1,3523,20.27572611,-98.14991028,RH27Cb,R. San Marcos,1635.23 ,1078,17.72692521,34.53353208,LOMA,25.27017484,MEDIA,18.8,13.46480181,Aw,1260.1125,19.68,2.5,PASTIZAL,2,ALTO,30.61765078,19.40574125,CARRETERA_FEDERAL,139550
Puebla,Pahuatlán,San Pablito,SPP,Sierra de Pahuatlán y Otomí-Tepehua,14,3386,20.30126389,-98.16240028,RH27Cb,R. San Marcos,1635.23 ,1209,23.49828324,49.07956163,LADERA,24.24934138,MEDIA,20.77,13.46131747,Aw,1260.1125,19.68,2.5,BOSQUE_PINO_ENCINO,4,ALTO,33.64676135,21.17968926,CARRETERA_FEDERAL,139687
Puebla,Pahuatlán,Xochimilco,SPP,Sierra de Pahuatlán y Otomí-Tepehua,20,1016,20.30770694,-98.15194389,RH27Cb,R. San Marcos,1635.23 ,1204,18.57810627,34.05041041,LADERA,22.9525236,MEDIA,20.7,13.48410757,Aw,1260.1125,19.68,2.5,BOSQUE_PINO_ENCINO,4,ALTO,34.16579251,20.3078976,CARRETERA_FEDERAL,142057
Puebla,Pahuatlán,Xolotla,SPP,Sierra de Pahuatlán y Otomí-Tepehua,17,2387,20.26246472,-98.13241722,RH27Cb,R. San Marcos,1635.23 ,1207,20.5541963,56.12795726,LADERA,25.21547312,MEDIA,20.74,13.50581736,Aw,1260.1125,19.68,2.5,BOSQUE_PINO_ENCINO,4,ALTO,28.90165511,17.47650919,CARRETERA_FEDERAL,140686
Puebla,Pahuatlán,Zoyatla de Guerrero,SPP,Sierra de Pahuatlán y Otomí-Tepehua,19,1043,20.3028125,-98.12928472,RH27Cb,R. San Marcos,1635.23 ,1246,21.97110136,41.45507405,LADERA,21.59924938,MEDIA,21.32,13.57470086,Aw,1260.1125,19.68,2.5,BOSQUE_PINO_ENCINO,4,ALTO,33.33849072,17.88532144,CARRETERA_FEDERAL,142030
Hidalgo,San Bartolo Tutotepec,San Andrés,SPP,Sierra de Pahuatlán y Otomí-Tepehua,67,1015,20.50276528,-98.09575833,RH27Dd,R. Pantepec,1576.89 ,1247,19.48583585,38.00994257,LADERA,7.840506026,CABECERA,21.12,12.90460214,Aw,1260.1125,19.68,2.5,BOSQUE_PINO_ENCINO,4,ALTO,55.47320486,29.95448479,CARRETERA_FEDERAL,35143
Hidalgo,San Bartolo Tutotepec,San Bartolo Tutotepec,SPP,Sierra de Pahuatlán y Otomí-Tepehua,1,2764,20.39914278,-98.20205972,RH27Dd,R. Pantepec,1576.89 ,1012,13.07891392,28.75883247,LOMA,14.97415448,MEDIA,17.59,13.45190267,Aw,1260.1125,19.68,2.5,PASTIZAL,2,ALTO,45.17222362,29.24673061,CARRETERA_FEDERAL,33394
Hidalgo,Tenango de Doria,San Nicolás,SPP,Sierra de Pahuatlán y Otomí-Tepehua,34,1322,20.32151944,-98.18748972,RH27Cb,R. San Marcos,1635.23 ,1727,17.31669902,37.10276683,LOMA,23.33785355,CABECERA,24,13.37699878,Aw,1260.1125,19.68,2.5,PASTIZAL,2,ALTO,36.41948777,24.30277258,CARRETERA_FEDERAL,141751
Hidalgo,Tenango de Doria,Santa Mónica,SPP,Sierra de Pahuatlán y Otomí-Tepehua,37,1381,20.30754833,-98.21888139,RH27Cb,R. San Marcos,1635.23 ,1695,16.91126272,44.61078616,LOMA,25.31579124,CABECERA,24,12.90319838,Aw,1260.1125,19.68,2.5,PASTIZAL,2,ALTO,35.89803537,27.08447031,CARRETERA_FEDERAL,141692
Hidalgo,Tenango de Doria,Tenango de Doria,SPP,Sierra de Pahuatlán y Otomí-Tepehua,1,2614,20.33805556,-98.22672861,RH27Dd,R. Pantepec,1576.89 ,1650,12.68465665,41.84148984,LOMA,22.19059674,CABECERA,24,12.85457137,Aw,1260.1125,19.68,2.5,PASTIZAL,2,ALTO,39.37074142,28.76311215,CARRETERA_FEDERAL,33544
Puebla,Tlacuilotepec,Cuautepec,SPP,Sierra de Pahuatlán y Otomí-Tepehua,5,1051,20.33882444,-98.04234861,RH27Cb,R. San Marcos,1635.23 ,1150,15.83037833,41.79675212,LOMA,12.93765791,MEDIA,19.88,13.29981476,Aw,1260.1125,19.68,2.5,PASTIZAL,2,ALTO,37.51069097,11.80913257,CARRETERA_ESTATAL,142022
Puebla,Tlacuilotepec,Papaloctipan,SPP,Sierra de Pahuatlán y Otomí-Tepehua,12,1637,20.42384472,-97.95308667,RH27Dd,R. Pantepec,1576.89 ,694,24.97760721,45.82035862,LADERA,3.884333615,MEDIA,12.82,13.14101081,Aw,1260.1125,19.68,2.5,BOSQUE_PINO_ENCINO,4,ALTO,46.38692601,17.68545568,CARRETERA_ESTATAL,34521
Puebla,Tlacuilotepec,San Pedro Petlacotla,SPP,Sierra de Pahuatlán y Otomí-Tepehua,17,1296,20.40821139,-97.91549111,RH27Cb,R. San Marcos,1635.23 ,495,17.69517458,34.45766011,LOMA,6.389900363,BAJA,10.06,13.34898651,Aw,1260.1125,19.68,2.5,PASTIZAL,2,ALTO,44.35165714,16.61739818,CAMINO_TERRACERIA,141777
Puebla,Tlacuilotepec,Tlacuilotepec,SPP,Sierra de Pahuatlán y Otomí-Tepehua,1,1638,20.32626528,-98.06890917,RH27Cb,R. San Marcos,1635.23 ,1304,16.4074497,42.65334667,LOMA,15.56617297,MEDIA,22.2,13.33603025,Aw,1260.1125,19.68,2.5,PASTIZAL,2,ALTO,35.98248689,13.16403092,CARRETERA_FEDERAL,141435
Hidalgo,Tizayuca,Don Antonio,TIZ,Tizayuca y Corredor Industrial Sur,42,20691,19.87332444,-98.93569861,RH26Dt,R. Tezontepec,2067.25 ,2332,2.72398134,6.941336802,LLANURA_COSTERA,2.183854585,BAJA,5.62,12.36007899,Cwb,1022.7,14.45,15.2,AGRICULTURA_TEMPORAL,1,ALTO,88.55276687,4.189633054,CARRETERA_FEDERAL,805480
Hidalgo,Tizayuca,El Carmen,TIZ,Tizayuca y Corredor Industrial Sur,2,7029,19.884685,-98.9557325,RH26Dt,R. Tezontepec,2067.25 ,2322,2.788916132,8.170149696,LLANURA_COSTERA,3.65239739,BAJA,5.47,12.57571379,Cwb,1022.7,14.45,15.2,AGRICULTURA_TEMPORAL,1,ALTO,90.42061954,5.237176177,CARRETERA_FEDERAL,819142
Hidalgo,Tizayuca,El Cid,TIZ,Tizayuca y Corredor Industrial Sur,10,2926,19.86637472,-98.92637583,RH26Dt,R. Tezontepec,2067.25 ,2323,2.452715897,5.646658763,LLANURA_COSTERA,1.444645547,BAJA,5.48,13.05889502,Cwb,1022.7,14.45,15.2,AGRICULTURA_TEMPORAL,1,ALTO,87.72625671,4.295561671,CARRETERA_FEDERAL,823245
Hidalgo,Tizayuca,Emiliano Zapata,TIZ,Tizayuca y Corredor Industrial Sur,5,9987,19.85996389,-98.95763444,RH26Dt,R. Tezontepec,2067.25 ,2295,2.865467689,8.35060166,LLANURA_COSTERA,1.145014251,BAJA,5.07,12.47502868,Cwb,1022.7,14.45,15.2,AGRICULTURA_TEMPORAL,1,ALTO,91.07695706,4.814184318,CARRETERA_FEDERAL,816184
Hidalgo,Tizayuca,Fuentes de Tizayuca,TIZ,Tizayuca y Corredor Industrial Sur,50,6160,19.86552222,-98.97177361,RH26Dt,R. Tezontepec,2067.25 ,2297,2.726919201,6.82041251,LLANURA_COSTERA,2.13099971,BAJA,5.1,12.35899942,Cwb,1022.7,14.45,15.2,AGRICULTURA_TEMPORAL,1,ALTO,92.42570659,4.869593183,CARRETERA_FEDERAL,820011
Hidalgo,Tizayuca,Hacienda de Guadalupe,TIZ,Tizayuca y Corredor Industrial Sur,58,1195,19.87138861,-98.94559139,RH26Dt,R. Tezontepec,2067.25 ,2312,2.97714451,7.686610127,LLANURA_COSTERA,1.959962458,BAJA,5.32,12.86483689,Cwb,1022.7,14.45,15.2,AGRICULTURA_TEMPORAL,1,ALTO,89.61087677,5.081349064,CARRETERA_FEDERAL,824976
Hidalgo,Tizayuca,Haciendas de Tizayuca,TIZ,Tizayuca y Corredor Industrial Sur,44,26122,19.87411556,-98.95958167,RH26Dt,R. Tezontepec,2067.25 ,2312,2.866636401,7.898254698,LLANURA_COSTERA,2.727950585,BAJA,5.32,12.21454341,Cwb,1022.7,14.45,15.2,AGRICULTURA_TEMPORAL,1,ALTO,91.00528838,6.105670626,CARRETERA_FEDERAL,800049
Hidalgo,Tizayuca,Huitzila,TIZ,Tizayuca y Corredor Industrial Sur,8,5805,19.81327194,-98.95851111,RH26Dt,R. Tezontepec,2067.25 ,2291,2.96869552,9.116895412,LLANURA_COSTERA,1.085442208,BAJA,5,12.96254177,Cwb,1022.7,14.45,15.2,AGRICULTURA_TEMPORAL,1,ALTO,92.25214144,2.556104201,CARRETERA_FEDERAL,820366
Hidalgo,Tizayuca,Las Plazas,TIZ,Tizayuca y Corredor Industrial Sur,29,1285,19.8710525,-98.94281583,RH26Dt,R. Tezontepec,2067.25 ,2320,2.8288936,7.579867889,LLANURA_COSTERA,1.914910815,BAJA,5.44,12.81119546,Cwb,1022.7,14.45,15.2,AGRICULTURA_TEMPORAL,1,ALTO,89.33070772,4.891258324,CARRETERA_FEDERAL,824886
Hidalgo,Tizayuca,Los Héroes Tizayuca,TIZ,Tizayuca y Corredor Industrial Sur,55,11619,19.86205611,-98.98751667,RH26Dt,R. Tezontepec,2067.25 ,2278,3.158749799,10.80810747,MESETA,2.195468636,BAJA,4.81,12.0130665,Cwb,1022.7,14.45,15.2,AGRICULTURA_TEMPORAL,1,ALTO,94.11732077,4.446834129,CARRETERA_FEDERAL,814552
Hidalgo,Tizayuca,Olmos,TIZ,Tizayuca y Corredor Industrial Sur,11,2411,19.87874528,-98.92689889,RH26Dt,R. Tezontepec,2067.25 ,2352,3.920022115,11.78161372,MESETA,2.778633557,BAJA,5.92,13.39720518,Cwb,1022.7,14.45,15.2,AGRICULTURA_TEMPORAL,1,ALTO,87.54284279,3.137386058,CARRETERA_FEDERAL,823760
Hidalgo,Tizayuca,Tepojaco,TIZ,Tizayuca y Corredor Industrial Sur,19,8361,19.84198722,-98.94615139,RH26Dt,R. Tezontepec,2067.25 ,2306,2.503178197,6.940118341,LLANURA_COSTERA,0.499190276,BAJA,5.23,12.75247927,Cwb,1022.7,14.45,15.2,AGRICULTURA_TEMPORAL,1,ALTO,90.28324024,4.221531131,CARRETERA_FEDERAL,817810
Hidalgo,Tizayuca,Tizayuca,TIZ,Tizayuca y Corredor Industrial Sur,1,60265,19.84108889,-98.98158417,RH26Dt,R. Tezontepec,2067.25 ,2274,1.920189046,5.743304547,LLANURA_COSTERA,0.053278134,BAJA,4.75,11.93242466,Cwb,1022.7,14.45,15.2,AGRICULTURA_TEMPORAL,1,ALTO,93.94098905,2.058542589,CARRETERA_FEDERAL,765906
Hidalgo,Tolcayuca,Bosques de Ibiza,TIZ,Tizayuca y Corredor Industrial Sur,41,3834,19.89117528,-98.939105,RH26Dt,R. Tezontepec,2067.25 ,2343,2.568403684,7.398548398,LLANURA_COSTERA,4.179824642,BAJA,5.78,12.1038916,Cwb,1022.7,14.45,15.2,AGRICULTURA_TEMPORAL,1,ALTO,88.59011223,3.354001664,CARRETERA_FEDERAL,822337
Hidalgo,Tolcayuca,General Felipe Ángeles (Los Ángeles),TIZ,Tizayuca y Corredor Industrial Sur,2,3900,19.89616833,-98.92620778,RH26Dt,R. Tezontepec,2067.25 ,2342,2.800094764,8.827291477,LLANURA_COSTERA,4.113795612,BAJA,5.77,12.88563751,Cwb,1022.7,14.45,15.2,AGRICULTURA_TEMPORAL,1,ALTO,87.17270726,1.896902626,CARRETERA_FEDERAL,822271
Hidalgo,Tolcayuca,Lomas del Álamo,TIZ,Tizayuca y Corredor Industrial Sur,40,1756,19.96909278,-98.92997389,RH26Dt,R. Tezontepec,2067.25 ,2447,8.239797895,26.53921429,LOMA,8.929096902,MEDIA,7.34,13.36295398,Cwb,1022.7,14.45,15.2,AGRICULTURA_TEMPORAL,1,ALTO,86.7785791,7.86153658,CARRETERA_FEDERAL,824415
Hidalgo,Tolcayuca,Santiago Tlajomulco,TIZ,Tizayuca y Corredor Industrial Sur,11,1183,19.98381639,-98.91429139,RH26Dt,R. Tezontepec,2067.25 ,2426,3.947959676,9.23844386,MESETA,9.336583081,MEDIA,7.03,13.22141323,Cwb,1022.7,14.45,15.2,AGRICULTURA_TEMPORAL,1,ALTO,85.07148402,9.202986109,CARRETERA_FEDERAL,824988
Hidalgo,Tolcayuca,Tolcayuca,TIZ,Tizayuca y Corredor Industrial Sur,1,8966,19.95659111,-98.92176111,RH26Dt,R. Tezontepec,2067.25 ,2384,3.241129568,7.941909627,MESETA,7.326704987,BAJA,6.4,13.2162007,Cwb,1022.7,14.45,15.2,AGRICULTURA_TEMPORAL,1,ALTO,86.00201328,6.299933657,CARRETERA_FEDERAL,817205
Hidalgo,Tolcayuca,Vicente Guerrero (San Javier),TIZ,Tizayuca y Corredor Industrial Sur,13,1127,19.94986083,-98.90078417,RH26Dt,R. Tezontepec,2067.25 ,2347,2.856815251,8.449769812,LLANURA_COSTERA,5.357908884,BAJA,5.84,12.11372002,Cwb,1022.7,14.45,15.2,AGRICULTURA_TEMPORAL,1,ALTO,83.86594983,5.472661866,CARRETERA_FEDERAL,825044
Hidalgo,Villa de Tezontepec,Benito Juárez,TIZ,Tizayuca y Corredor Industrial Sur,8,2755,19.89046333,-98.80624639,RH26Dt,R. Tezontepec,2067.25 ,2356,4.509561007,16.5487597,MESETA,3.810730323,BAJA,5.98,12.97701191,Cwb,1022.7,14.45,15.2,AGRICULTURA_TEMPORAL,1,ALTO,74.86421557,10.81598038,CARRETERA_FEDERAL,823416
Hidalgo,Villa de Tezontepec,Guadalupe [Colonia],TIZ,Tizayuca y Corredor Industrial Sur,18,1487,19.94061639,-98.76765028,RH26Dt,R. Tezontepec,2067.25 ,2476,5.481161548,15.84692725,MESETA,4.195727615,MEDIA,7.78,13.31377378,Cwb,1022.7,14.45,15.2,AGRICULTURA_TEMPORAL,1,ALTO,70.07973426,9.774706742,CARRETERA_FEDERAL,824684
Hidalgo,Villa de Tezontepec,Morelos [Colonia],TIZ,Tizayuca y Corredor Industrial Sur,31,1330,19.89354194,-98.81645194,RH26Dt,R. Tezontepec,2067.25 ,2333,3.452217003,10.74105208,MESETA,2.863812222,BAJA,5.64,12.6654428,Cwb,1022.7,14.45,15.2,AGRICULTURA_TEMPORAL,1,ALTO,75.85930221,9.718451368,CARRETERA_FEDERAL,824841
Hidalgo,Villa de Tezontepec,Tezontepec,TIZ,Tizayuca y Corredor Industrial Sur,1,6213,19.87986083,-98.81929,RH26Dt,R. Tezontepec,2067.25 ,2330,2.025409218,6.364487111,LLANURA_COSTERA,2.44831452,BAJA,5.59,11.87903436,Cwb,1022.7,14.45,15.2,AGRICULTURA_TEMPORAL,1,ALTO,76.42055957,9.682454987,CARRETERA_FEDERAL,819958
Hidalgo,Zapotlán de Juárez,Acayuca,TIZ,Tizayuca y Corredor Industrial Sur,2,11018,20.03051722,-98.84230611,RH26Dt,R. Tezontepec,2067.25 ,2468,4.804937332,12.51760926,MESETA,7.374325567,MEDIA,7.66,13.35992644,Cwb,1022.7,14.45,15.2,AGRICULTURA_TEMPORAL,1,ALTO,77.54072377,15.98325091,CARRETERA_FEDERAL,815153
Hidalgo,Zapotlán de Juárez,San Pedro Huaquilpan,TIZ,Tizayuca y Corredor Industrial Sur,3,5175,19.99169889,-98.86783889,RH26Dt,R. Tezontepec,2067.25 ,2403,4.446065046,14.79255502,MESETA,7.557344659,BAJA,6.68,12.76148653,Cwb,1022.7,14.45,15.2,AGRICULTURA_TEMPORAL,1,ALTO,80.18926272,10.94285971,CARRETERA_FEDERAL,820996
Hidalgo,Zapotlán de Juárez,Zapotlán de Juárez,TIZ,Tizayuca y Corredor Industrial Sur,1,4978,19.97404722,-98.86188278,RH26Dt,R. Tezontepec,2067.25 ,2370,3.289559958,8.809146034,MESETA,6.25659825,BAJA,6.19,12.98699666,Cwb,1022.7,14.45,15.2,AGRICULTURA_TEMPORAL,1,ALTO,79.63454065,9.476750186,CARRETERA_FEDERAL,821193
Hidalgo,Acatlán,28 de Mayo (Santa Rosa) [Colonia],TUL,Valle de Tulancingo,27,2214,20.16738778,-98.38841556,RH26Dv,R. Metztitlán,2821.42 ,2133,3.915583485,11.39226678,MESETA,38.83287917,MEDIA,17.12,11.79773382,Cwb,1059.225,15.01,15.2,AGRICULTURA_TEMPORAL,1,ALTO,35.04684473,41.08320553,CARRETERA_FEDERAL,271893
Hidalgo,Acatlán,Almoloya,TUL,Valle de Tulancingo,4,1499,20.15195861,-98.44936083,RH26Dv,R. Metztitlán,2821.42 ,2186,4.807043767,12.23399563,MESETA,35.76835614,MEDIA,17.92,13.31733425,Cwb,1022.7,14.45,15.2,AGRICULTURA_TEMPORAL,1,ALTO,39.89644033,35.36898778,CARRETERA_FEDERAL,272608
Hidalgo,Acatlán,Chauténco,TUL,Valle de Tulancingo,8,1011,20.12964222,-98.44893639,RH26Dv,R. Metztitlán,2821.42 ,2183,4.143299138,10.72743892,MESETA,34.84049509,MEDIA,17.88,12.62832224,Cwb,1022.7,14.45,15.2,AGRICULTURA_TEMPORAL,1,ALTO,38.90342003,33.61030894,CARRETERA_FEDERAL,273096
Hidalgo,Acatlán,Metepec Primero,TUL,Valle de Tulancingo,15,1215,20.14140472,-98.43544083,RH26Dv,R. Metztitlán,2821.42 ,2156,3.337460302,8.708692269,MESETA,36.63332492,MEDIA,17.47,12.39581501,Cwb,1059.225,15.01,15.2,AGRICULTURA_TEMPORAL,1,ALTO,38.09222285,35.5326748,CARRETERA_FEDERAL,272892
Hidalgo,Acatlán,Metepec Segundo,TUL,Valle de Tulancingo,31,1206,20.1514375,-98.42831,RH26Dv,R. Metztitlán,2821.42 ,2138,3.463497176,10.8816492,MESETA,37.75190747,MEDIA,17.2,12.02501976,Cwb,1059.225,15.01,15.2,AGRICULTURA_TEMPORAL,1,ALTO,37.87725557,36.8472676,CARRETERA_FEDERAL,272901
Hidalgo,Acatlán,San Dionisio,TUL,Valle de Tulancingo,21,1240,20.12621167,-98.46486722,RH26Dv,R. Metztitlán,2821.42 ,2246,6.215622049,21.29700754,MESETA,33.15141174,MEDIA,18.82,13.05876727,Cwb,1022.7,14.45,15.2,AGRICULTURA_TEMPORAL,1,ALTO,40.33330888,32.17074413,CARRETERA_FEDERAL,272867
Hidalgo,Agua Blanca de Iturbide,Agua Blanca de Iturbide,TUL,Valle de Tulancingo,1,2325,20.34950389,-98.35638611,RH26Dv,R. Metztitlán,2821.42 ,2195,9.071244841,25.18695326,LOMA,19.88450842,MEDIA,18.06,13.15040614,Aw,1260.1125,19.68,2.5,PASTIZAL,2,ALTO,46.72705663,42.1175241,CARRETERA_FEDERAL,271782
Hidalgo,Cuautepec de Hinojosa,Almoloya,TUL,Valle de Tulancingo,39,3010,20.02245778,-98.31632333,RH26Dv,R. Metztitlán,2821.42 ,2276,4.918265996,12.91812419,MESETA,34.91954104,MEDIA,19.27,13.29435032,Cwb,1059.225,15.01,15.2,AGRICULTURA_TEMPORAL,1,ALTO,22.56606521,35.84662615,CARRETERA_FEDERAL,271097
Hidalgo,Cuautepec de Hinojosa,Buenos Aires,TUL,Valle de Tulancingo,74,1103,20.02241444,-98.29482944,RH26Dv,R. Metztitlán,2821.42 ,2285,6.929010314,21.68099413,MESETA,32.86005936,MEDIA,19.4,13.14411952,Cwb,1059.225,15.01,15.2,AGRICULTURA_TEMPORAL,1,ALTO,20.32736011,34.0014593,CARRETERA_FEDERAL,273004
Hidalgo,Cuautepec de Hinojosa,Cerro Verde,TUL,Valle de Tulancingo,6,1141,20.05368222,-98.29914889,RH26Dv,R. Metztitlán,2821.42 ,2254,4.995025055,15.66493536,MESETA,34.83863742,MEDIA,18.94,12.71574006,Cwb,1059.225,15.01,15.2,AGRICULTURA_TEMPORAL,1,ALTO,21.39004027,36.49899871,CARRETERA_FEDERAL,272966
Hidalgo,Cuautepec de Hinojosa,Cuautepec,TUL,Valle de Tulancingo,1,20530,20.03547,-98.30973806,RH26Dv,R. Metztitlán,2821.42 ,2252,2.595993388,8.068351101,VALLE,34.88623047,MEDIA,18.91,12.09319244,Cwb,1059.225,15.01,15.2,AGRICULTURA_TEMPORAL,1,ALTO,22.05808303,36.11633632,CARRETERA_FEDERAL,253577
Hidalgo,Cuautepec de Hinojosa,El Capulín,TUL,Valle de Tulancingo,5,1686,20.00823611,-98.27569861,RH26Dv,R. Metztitlán,2821.42 ,2376,7.773713099,21.15587773,MESETA,30.39274918,CABECERA,20.77,13.1052558,Cwb,1059.225,15.01,15.2,AGRICULTURA_TEMPORAL,1,ALTO,18.23452089,31.45692699,CARRETERA_FEDERAL,272421
Hidalgo,Cuautepec de Hinojosa,El Tepeyac,TUL,Valle de Tulancingo,33,1702,20.05108917,-98.31058944,RH26Dv,R. Metztitlán,2821.42 ,2270,5.673978477,15.38283653,MESETA,35.74890306,MEDIA,19.18,12.80863299,Cwb,1059.225,15.01,15.2,AGRICULTURA_TEMPORAL,1,ALTO,22.48053704,37.24279775,CARRETERA_FEDERAL,272405
Hidalgo,Cuautepec de Hinojosa,Guadalupe Victoria,TUL,Valle de Tulancingo,12,2396,20.03267806,-98.26526722,RH26Dv,R. Metztitlán,2821.42 ,2291,4.771182462,20.68690489,MESETA,30.60840926,MEDIA,19.49,12.6906066,Cwb,1059.225,15.01,15.2,AGRICULTURA_TEMPORAL,1,ALTO,17.42121064,32.2884195,CARRETERA_FEDERAL,271711
Hidalgo,Cuautepec de Hinojosa,Hueyapita,TUL,Valle de Tulancingo,14,1002,20.0713,-98.24104556,RH26Dv,R. Metztitlán,2821.42 ,2452,8.888905975,25.39440955,LOMA,30.86836616,CABECERA,21.91,13.06852556,Cwb,1059.225,15.01,15.2,AGRICULTURA_TEMPORAL,1,ALTO,16.38528172,33.54636325,CARRETERA_FEDERAL,273105
Hidalgo,Cuautepec de Hinojosa,San Juan Hueyapan,TUL,Valle de Tulancingo,13,1621,20.03019278,-98.28129028,RH26Dv,R. Metztitlán,2821.42 ,2265,3.853063418,12.10422636,MESETA,31.95971867,MEDIA,19.1,12.44468313,Cwb,1059.225,15.01,15.2,AGRICULTURA_TEMPORAL,1,ALTO,19.02862961,33.39973314,CARRETERA_FEDERAL,272486
Hidalgo,Cuautepec de Hinojosa,San Lorenzo Sayula,TUL,Valle de Tulancingo,28,2325,19.9884775,-98.29752833,RH26Dv,R. Metztitlán,2821.42 ,2364,3.899759133,11.87834564,MESETA,30.86289043,CABECERA,20.59,12.68909917,Cwb,1059.225,15.01,15.2,AGRICULTURA_TEMPORAL,1,ALTO,20.59280557,32.17453145,CARRETERA_FEDERAL,271782
Hidalgo,Cuautepec de Hinojosa,Santa Elena Paliseca,TUL,Valle de Tulancingo,21,3074,19.99723917,-98.24429417,RH26Dv,R. Metztitlán,2821.42 ,2510,6.285012935,29.11889452,MESETA,26.89395041,CABECERA,22.78,12.96606511,Cwb,1059.225,15.01,15.2,AGRICULTURA_TEMPORAL,1,ALTO,14.96747804,28.09392889,CARRETERA_FEDERAL,271033
Hidalgo,Cuautepec de Hinojosa,Santa María Nativitas,TUL,Valle de Tulancingo,29,3020,20.03858639,-98.2967,RH26Dv,R. Metztitlán,2821.42 ,2261,6.63368814,21.45817528,MESETA,33.8186295,MEDIA,19.05,13.35116734,Cwb,1059.225,15.01,15.2,AGRICULTURA_TEMPORAL,1,ALTO,20.77262705,35.24184395,CARRETERA_FEDERAL,271087
Hidalgo,Cuautepec de Hinojosa,Texcaltepec,TUL,Valle de Tulancingo,36,2063,20.03020222,-98.32421222,RH26Dv,R. Metztitlán,2821.42 ,2259,4.706015296,15.68533676,MESETA,36.0175794,MEDIA,19.02,13.14493615,Cwb,1059.225,15.01,15.2,AGRICULTURA_TEMPORAL,1,ALTO,23.47642063,37.01204331,CARRETERA_FEDERAL,272044
Hidalgo,Cuautepec de Hinojosa,Tezoquipa,TUL,Valle de Tulancingo,35,1031,20.03129278,-98.33690278,RH26Dv,R. Metztitlán,2821.42 ,2229,4.829407686,15.5411305,MESETA,37.13796628,MEDIA,18.56,13.25216844,Cwb,1059.225,15.01,15.2,AGRICULTURA_TEMPORAL,1,ALTO,24.80844234,37.70361832,CARRETERA_FEDERAL,273076
Hidalgo,Epazoyucan,Epazoyucan,TUL,Valle de Tulancingo,1,3310,20.01802167,-98.63620917,RH26Dt,R. Tezontepec,2067.25 ,2465,4.783180366,15.97054207,MESETA,12.92481132,MEDIA,7.62,13.43685031,Cwb,1022.7,14.45,15.2,AGRICULTURA_TEMPORAL,1,ALTO,55.95636312,12.01403852,CARRETERA_FEDERAL,822861
Hidalgo,Epazoyucan,San Juan Tizahuapan,TUL,Valle de Tulancingo,17,1626,20.05033194,-98.66662278,RH26Dt,R. Tezontepec,2067.25 ,2470,4.714048397,11.8827357,MESETA,10.43958449,MEDIA,7.69,13.3753521,Cwb,1022.7,14.45,15.2,AGRICULTURA_TEMPORAL,1,ALTO,59.32504314,14.84864675,CARRETERA_FEDERAL,824545
Hidalgo,Epazoyucan,Santa Mónica,TUL,Valle de Tulancingo,21,1357,19.98257694,-98.62099278,RH26Dt,R. Tezontepec,2067.25 ,2571,3.554105368,10.78651495,MESETA,15.00444962,CABECERA,9.2,13.18612839,Cwb,1022.7,14.45,15.2,AGRICULTURA_TEMPORAL,1,ALTO,54.41132997,9.369423993,CARRETERA_FEDERAL,824814
Hidalgo,Epazoyucan,Xochihuacán [Fraccionamiento],TUL,Valle de Tulancingo,91,2054,20.01468694,-98.72332528,RH26Dt,R. Tezontepec,2067.25 ,2341,3.769552064,10.57571154,MESETA,3.817967968,BAJA,5.76,11.58767657,Cwb,1022.7,14.45,15.2,AGRICULTURA_TEMPORAL,1,ALTO,65.05922198,11.84554567,CARRETERA_FEDERAL,824117
Hidalgo,Epazoyucan,Xolostitla de Morelos (Xolostitla),TUL,Valle de Tulancingo,25,1217,20.06619528,-98.63863333,RH26Dt,R. Tezontepec,2067.25 ,2479,6.203068101,18.20357786,MESETA,13.81746756,MEDIA,7.82,13.17182459,Cwb,1022.7,14.45,15.2,AGRICULTURA_TEMPORAL,1,ALTO,56.5910324,17.06342162,CARRETERA_FEDERAL,824954
Hidalgo,Metepec,Estación de Apulco,TUL,Valle de Tulancingo,17,1476,20.28366528,-98.34775472,RH26Dv,R. Metztitlán,2821.42 ,2184,6.584227477,19.57310776,MESETA,27.06138652,MEDIA,17.89,12.68050666,Aw,1260.1125,19.68,2.5,PASTIZAL,2,ALTO,40.34290879,40.05977151,CARRETERA_FEDERAL,272631
Hidalgo,Metepec,Metepec,TUL,Valle de Tulancingo,1,2248,20.23841028,-98.32216444,RH26Dv,R. Metztitlán,2821.42 ,2166,5.170960068,15.05201442,MESETA,32.70362121,MEDIA,17.62,12.95041795,Cwb,1059.225,15.01,15.2,AGRICULTURA_TEMPORAL,1,ALTO,34.78180219,37.34164985,CARRETERA_FEDERAL,271859
Hidalgo,Metepec,Palo Gordo (Ejido Nopalillo),TUL,Valle de Tulancingo,14,1041,20.21316639,-98.29662167,RH26Dv,R. Metztitlán,2821.42 ,2199,6.790944222,19.22022729,MESETA,36.29766094,MEDIA,18.12,12.79921717,Cwb,1059.225,15.01,15.2,AGRICULTURA_TEMPORAL,1,ALTO,30.91176855,34.96144526,CARRETERA_FEDERAL,273066
Hidalgo,Santiago Tulantepec de Lugo Guerrero,El Pedregal de San José,TUL,Valle de Tulancingo,5,3472,20.06518972,-98.41177806,RH26Dv,R. Metztitlán,2821.42 ,2204,5.006404122,15.58597454,MESETA,36.78707558,MEDIA,18.19,12.95633177,Cwb,1059.225,15.01,15.2,AGRICULTURA_TEMPORAL,1,ALTO,33.14842924,32.30098856,CARRETERA_FEDERAL,270635
Hidalgo,Santiago Tulantepec de Lugo Guerrero,Felipe Ángeles [Colonia],TUL,Valle de Tulancingo,33,2186,20.0537475,-98.41824,RH26Dv,R. Metztitlán,2821.42 ,2257,5.778781848,16.13400732,MESETA,35.95276448,MEDIA,18.98,12.81738376,Cwb,1059.225,15.01,15.2,AGRICULTURA_TEMPORAL,1,ALTO,33.58113942,31.08140159,CARRETERA_FEDERAL,271921
Hidalgo,Santiago Tulantepec de Lugo Guerrero,Los Romeros,TUL,Valle de Tulancingo,4,2047,20.02956389,-98.41521667,RH26Dv,R. Metztitlán,2821.42 ,2321,6.862745548,19.59565551,MESETA,35.76898545,MEDIA,19.94,13.27499916,Cwb,1059.225,15.01,15.2,AGRICULTURA_TEMPORAL,1,ALTO,32.93765275,30.15001643,CARRETERA_FEDERAL,272060
Hidalgo,Santiago Tulantepec de Lugo Guerrero,Paxtepec,TUL,Valle de Tulancingo,16,1521,20.05270222,-98.43156583,RH26Dv,R. Metztitlán,2821.42 ,2315,6.839562739,18.52969926,LOMA,34.55539209,MEDIA,19.85,13.41176848,Cwb,1059.225,15.01,15.2,AGRICULTURA_TEMPORAL,1,ALTO,34.93881411,29.81445065,CARRETERA_FEDERAL,272586
Hidalgo,Santiago Tulantepec de Lugo Guerrero,Santiago Tulantepec,TUL,Valle de Tulancingo,1,17449,20.03919306,-98.35700639,RH26Dv,R. Metztitlán,2821.42 ,2187,3.211755897,10.11249664,MESETA,38.08765138,MEDIA,17.93,12.88369387,Cwb,1059.225,15.01,15.2,AGRICULTURA_TEMPORAL,1,ALTO,27.00734321,36.16619833,CARRETERA_FEDERAL,256658
Hidalgo,Santiago Tulantepec de Lugo Guerrero,Unidad Magisterial San José [Colonia],TUL,Valle de Tulancingo,44,1486,20.05776722,-98.40367806,RH26Dv,R. Metztitlán,2821.42 ,2194,5.704543823,14.68577161,MESETA,37.51690408,MEDIA,18.04,12.74070468,Cwb,1059.225,15.01,15.2,AGRICULTURA_TEMPORAL,1,ALTO,32.15854365,32.62994785,CARRETERA_FEDERAL,272621
Hidalgo,Santiago Tulantepec de Lugo Guerrero,Unidades Habitacionales,TUL,Valle de Tulancingo,36,5104,20.06357639,-98.4191875,RH26Dv,R. Metztitlán,2821.42 ,2230,5.081754927,15.51425192,MESETA,35.99475216,MEDIA,18.58,13.01907492,Cwb,1059.225,15.01,15.2,AGRICULTURA_TEMPORAL,1,ALTO,33.87226656,31.54399118,CARRETERA_FEDERAL,269003
Hidalgo,Santiago Tulantepec de Lugo Guerrero,Ventoquipa,TUL,Valle de Tulancingo,8,1173,20.03361444,-98.33770806,RH26Dv,R. Metztitlán,2821.42 ,2217,4.450630202,13.85379813,MESETA,37.38035781,MEDIA,18.38,12.9664798,Cwb,1059.225,15.01,15.2,AGRICULTURA_TEMPORAL,1,ALTO,24.92401178,37.82885403,CARRETERA_FEDERAL,272934
Hidalgo,Singuilucan,Singuilucan,TUL,Valle de Tulancingo,1,4805,19.9675,-98.51722222,RH26Dt,R. Tezontepec,2067.25 ,2646,3.5697959,9.703817016,MESETA,25.95923961,CABECERA,10.33,13.21147607,Cwb,1022.7,14.45,15.2,AGRICULTURA_TEMPORAL,1,ALTO,43.69883474,17.68297459,CARRETERA_FEDERAL,821366
Hidalgo,Tulancingo de Bravo,Ahuehuetitla,TUL,Valle de Tulancingo,3,2600,20.08411167,-98.41669583,RH26Dv,R. Metztitlán,2821.42 ,2181,4.451319514,13.43083191,MESETA,36.64759447,MEDIA,17.84,12.72270223,Cwb,1059.225,15.01,15.2,AGRICULTURA_TEMPORAL,1,ALTO,34.13366444,32.99434754,CARRETERA_FEDERAL,271507
Hidalgo,Tulancingo de Bravo,Carlos Salinas de Gortari [Fraccionamiento],TUL,Valle de Tulancingo,75,1005,20.11005306,-98.4304475,RH26Dv,R. Metztitlán,2821.42 ,2179,3.245443893,8.080131298,MESETA,35.96286919,MEDIA,17.81,12.27086526,Cwb,1059.225,15.01,15.2,AGRICULTURA_TEMPORAL,1,ALTO,36.34704704,33.57979462,CARRETERA_FEDERAL,273102
Hidalgo,Tulancingo de Bravo,Fraccionamiento del Magisterio Tulancinguense,TUL,Valle de Tulancingo,70,1283,20.07495833,-98.39983028,RH26Dv,R. Metztitlán,2821.42 ,2156,4.009288825,13.05181845,MESETA,38.19080203,MEDIA,17.47,11.77400873,Cwb,1059.225,15.01,15.2,AGRICULTURA_TEMPORAL,1,ALTO,32.17229081,33.92980477,CARRETERA_FEDERAL,272824
Hidalgo,Tulancingo de Bravo,Jaltepec,TUL,Valle de Tulancingo,10,7973,20.11370194,-98.41744944,RH26Dv,R. Metztitlán,2821.42 ,2169,3.572611897,10.90486401,MESETA,37.38021045,MEDIA,17.66,12.08833322,Cwb,1059.225,15.01,15.2,AGRICULTURA_TEMPORAL,1,ALTO,35.20158112,34.88853258,CARRETERA_FEDERAL,266134
Hidalgo,Tulancingo de Bravo,Javier Rojo Gómez,TUL,Valle de Tulancingo,53,7749,20.07199972,-98.41793333,RH26Dv,R. Metztitlán,2821.42 ,2202,4.696835753,12.19187786,MESETA,36.27023246,MEDIA,18.16,12.87570574,Cwb,1059.225,15.01,15.2,AGRICULTURA_TEMPORAL,1,ALTO,33.93719913,32.14740866,CARRETERA_FEDERAL,266358
Hidalgo,Tulancingo de Bravo,La Lagunilla,TUL,Valle de Tulancingo,12,1580,20.06868361,-98.47816333,RH26Dv,R. Metztitlán,2821.42 ,2477,3.931368104,10.37659041,MESETA,30.01054809,CABECERA,22.28,13.19904065,Cwb,1022.7,14.45,15.2,AGRICULTURA_TEMPORAL,1,ALTO,40.03586418,26.80704351,CARRETERA_FEDERAL,272527
Hidalgo,Tulancingo de Bravo,Napateco,TUL,Valle de Tulancingo,55,1153,20.13607056,-98.34072472,RH26Dv,R. Metztitlán,2821.42 ,2192,5.635058341,19.03189639,MESETA,43.10583546,MEDIA,18.01,12.78194431,Cwb,1059.225,15.01,15.2,AGRICULTURA_TEMPORAL,1,ALTO,28.98562688,41.48427792,CARRETERA_FEDERAL,272954
Hidalgo,Tulancingo de Bravo,Parque Urbano Napateco,TUL,Valle de Tulancingo,68,7817,20.14463611,-98.33951361,RH26Dv,R. Metztitlán,2821.42 ,2155,5.150625008,16.38560305,MESETA,42.20413152,MEDIA,17.45,12.95437964,Cwb,1059.225,15.01,15.2,AGRICULTURA_TEMPORAL,1,ALTO,29.37055283,41.06282283,CARRETERA_FEDERAL,266290
Hidalgo,Tulancingo de Bravo,Rincones de la Hacienda,TUL,Valle de Tulancingo,108,4626,20.12031222,-98.40115167,RH26Dv,R. Metztitlán,2821.42 ,2143,5.602173034,18.8225431,MESETA,39.22289627,MEDIA,17.27,11.72283927,Cwb,1059.225,15.01,15.2,AGRICULTURA_TEMPORAL,1,ALTO,33.87993568,36.67972847,CARRETERA_FEDERAL,269481
Hidalgo,Tulancingo de Bravo,San Antonio Farías,TUL,Valle de Tulancingo,34,1244,20.08857083,-98.39398278,RH26Dv,R. Metztitlán,2821.42 ,2161,5.000863253,14.43820748,MESETA,39.07251991,MEDIA,17.55,11.55210223,Cwb,1059.225,15.01,15.2,AGRICULTURA_TEMPORAL,1,ALTO,31.98737905,35.24820134,CARRETERA_FEDERAL,272863
Hidalgo,Tulancingo de Bravo,San Nicolás el Chico [Rancho],TUL,Valle de Tulancingo,87,1136,20.09690528,-98.38760944,RH26Dv,R. Metztitlán,2821.42 ,2146,4.450354867,13.90044091,MESETA,39.92036488,MEDIA,17.32,11.55284858,Cwb,1059.225,15.01,15.2,AGRICULTURA_TEMPORAL,1,ALTO,31.63878774,36.31149093,CARRETERA_FEDERAL,272971
Hidalgo,Tulancingo de Bravo,Santa Ana Hueytlalpan,TUL,Valle de Tulancingo,18,5231,20.17457,-98.31070944,RH26Dv,R. Metztitlán,2821.42 ,2162,3.358692386,11.72075592,MESETA,39.80843859,MEDIA,17.56,12.05581958,Cwb,1059.225,15.01,15.2,AGRICULTURA_TEMPORAL,1,ALTO,28.92724603,37.24428689,CARRETERA_FEDERAL,268876
Hidalgo,Tulancingo de Bravo,Santa María Asunción,TUL,Valle de Tulancingo,20,3695,20.15580139,-98.26929444,RH26Dv,R. Metztitlán,2821.42 ,2196,4.296438539,14.36236072,MESETA,38.93784387,MEDIA,18.07,12.72712339,Cwb,1059.225,15.01,15.2,AGRICULTURA_TEMPORAL,1,ALTO,24.32193216,33.70756817,CARRETERA_FEDERAL,270412
Hidalgo,Tulancingo de Bravo,Tepalzingo,TUL,Valle de Tulancingo,22,1023,20.14158111,-98.2784475,RH26Dv,R. Metztitlán,2821.42 ,2275,7.898980324,24.7862393,MESETA,38.94930292,MEDIA,19.26,13.22798818,Cwb,1059.225,15.01,15.2,AGRICULTURA_TEMPORAL,1,ALTO,23.98470148,35.1593238,CARRETERA_FEDERAL,273084
Hidalgo,Tulancingo de Bravo,Tulancingo,TUL,Valle de Tulancingo,1,106163,20.080605,-98.36807278,RH26Dv,R. Metztitlán,2821.42 ,2168,3.965524101,17.78465445,MESETA,41.56837703,MEDIA,17.65,12.838681,Cwb,1059.225,15.01,15.2,AGRICULTURA_TEMPORAL,1,ALTO,29.13904149,37.11460044,CARRETERA_FEDERAL,167944
Hidalgo,Tulancingo de Bravo,Viveros de la Loma,TUL,Valle de Tulancingo,80,1492,20.1014675,-98.33982917,RH26Dv,R. Metztitlán,2821.42 ,2282,10.60271067,21.8805199,LOMA,41.22752987,MEDIA,19.36,13.04119528,Cwb,1059.225,15.01,15.2,AGRICULTURA_TEMPORAL,1,ALTO,27.16146371,40.82656319,CARRETERA_FEDERAL,272615
Puebla,Jalpan,Apapantilla,XIC,Xicotepec y Cañón de San Marcos,6,2032,20.40495722,-97.84500639,RH27Cb,R. San Marcos,1635.23 ,270,10.96128311,28.15556874,LOMA,8.163062849,BAJA,6.68,13.41761111,Aw,1260.1125,19.68,2.5,PASTIZAL,2,ALTO,44.1660044,19.71233854,CAMINO_TERRACERIA,141041
Puebla,Tlaxco,Tlaxco,XIC,Xicotepec y Cañón de San Marcos,1,1244,20.423815,-98.02864361,RH27Dd,R. Pantepec,1576.89 ,880,21.16647528,37.78725623,LADERA,4.883692982,MEDIA,15.61,12.97635408,Aw,1260.1125,19.68,2.5,BOSQUE_PINO_ENCINO,4,ALTO,46.65143549,19.02241833,CARRETERA_ESTATAL,34914
Puebla,Xicotepec,Ahuaxintitla,XIC,Xicotepec y Cañón de San Marcos,2,1184,20.25205722,-97.89439417,RH27Cb,R. San Marcos,1635.23 ,741,21.22539655,47.82069427,LADERA,17.9645206,BAJA,13.75,13.18284624,Aw,1260.1125,19.68,2.5,BOSQUE_PINO_ENCINO,4,ALTO,26.8943229,7.102274133,CAMINO_TERRACERIA,141889
Puebla,Xicotepec,Gilberto Camacho,XIC,Xicotepec y Cañón de San Marcos,4,1659,20.37279861,-97.88802056,RH27Cb,R. San Marcos,1635.23 ,259,10.01031536,30.6130219,LOMA,10.72662689,BAJA,6.52,12.93667878,Aw,1260.1125,19.68,2.5,PASTIZAL,2,ALTO,40.33270237,14.19653077,CAMINO_TERRACERIA,141414
Puebla,Xicotepec,San Agustín Atlihuácan,XIC,Xicotepec y Cañón de San Marcos,17,2456,20.26178333,-98.00113417,RH27Cb,R. San Marcos,1635.23 ,1119,9.067274037,32.56510917,LOMA,20.11563452,MEDIA,19.42,12.63677239,Aw,1260.1125,19.68,2.5,PASTIZAL,2,ALTO,28.41121457,3.796990086,CARRETERA_ESTATAL,140617
Puebla,Xicotepec,San Antonio Ocopetlatlán,XIC,Xicotepec y Cañón de San Marcos,14,1970,20.24507972,-97.94385944,RH27Bb,R. Necaxa,900.78 ,1197,13.63400256,43.68574685,LOMA,17.94906953,MEDIA,21.16,12.77046171,Cwb,1059.225,15.01,15.2,AGRICULTURA_TEMPORAL,1,ALTO,26.47486298,2.575782577,CARRETERA_ESTATAL,152552
Puebla,Xicotepec,San Pedro Itztla,XIC,Xicotepec y Cañón de San Marcos,20,1287,20.27498972,-97.93457472,RH27Bb,R. Necaxa,900.78 ,1112,19.12130293,42.37012235,LADERA,19.30605992,MEDIA,19.88,13.45226973,Aw,1260.1125,19.68,2.5,BOSQUE_PINO_ENCINO,4,ALTO,29.80360047,2.964431797,CAMINO_TERRACERIA,153235
Puebla,Xicotepec,Santa Rita,XIC,Xicotepec y Cañón de San Marcos,22,1472,20.3633925,-97.81462528,RH27Cb,R. San Marcos,1635.23 ,554,8.017039421,22.62082906,LOMA,13.00846744,BAJA,10.94,12.45414971,Aw,1260.1125,19.68,2.5,PASTIZAL,2,ALTO,39.294514,18.78358405,CARRETERA_ESTATAL,141601
Puebla,Xicotepec,Tierra Negra,XIC,Xicotepec y Cañón de San Marcos,41,1144,20.24367556,-97.95676333,RH27Bb,R. Necaxa,900.78 ,1205,6.393695005,19.0052602,MESETA,18.21528996,MEDIA,21.28,12.31937479,Cwb,1059.225,15.01,15.2,AGRICULTURA_TEMPORAL,1,ALTO,26.35080462,1.696481091,CARRETERA_ESTATAL,153378
Puebla,Xicotepec,Tlaxcalantongo,XIC,Xicotepec y Cañón de San Marcos,27,1733,20.31463278,-97.87264361,RH27Cb,R. San Marcos,1635.23 ,661,18.03214002,44.77654838,LADERA,17.39621558,BAJA,12.55,13.0143166,Aw,1260.1125,19.68,2.5,BOSQUE_PINO_ENCINO,4,ALTO,33.90732548,10.73964417,CAMINO_TERRACERIA,141340
Puebla,Xicotepec,Villa Ávila Camacho (La Ceiba),XIC,Xicotepec y Cañón de San Marcos,29,9688,20.38715417,-97.88200056,RH27Cb,R. San Marcos,1635.23 ,245,9.333698596,36.98945243,LOMA,9.413086155,BAJA,6.31,13.41483887,Aw,1260.1125,19.68,2.5,PASTIZAL,2,ALTO,41.93910257,15.8852848,CAMINO_TERRACERIA,133385
Puebla,Xicotepec,Xicotepec de Juárez,XIC,Xicotepec y Cañón de San Marcos,1,41455,20.27605861,-97.95814361,RH27Cb,R. San Marcos,1635.23 ,1169,6.324785581,32.16947698,MESETA,18.66723536,MEDIA,20.17,12.10815248,Aw,1260.1125,19.68,2.5,PASTIZAL,2,ALTO,29.93709103,1.249764809,CARRETERA_ESTATAL,101618
Puebla,Zihuateutla,La Unión,XIC,Xicotepec y Cañón de San Marcos,17,1658,20.26529028,-97.88044611,RH27Cb,R. San Marcos,1635.23 ,660,19.64047635,42.31232139,LADERA,19.48347616,BAJA,12.54,12.8960479,Aw,1260.1125,19.68,2.5,BOSQUE_PINO_ENCINO,4,ALTO,28.38305067,8.407231125,CAMINO_TERRACERIA,141415
Puebla,Zihuateutla,Mazacoatlán,XIC,Xicotepec y Cañón de San Marcos,11,1028,20.22339,-97.92275583,RH27Bb,R. Necaxa,900.78 ,1156,16.58997829,54.70114219,LOMA,15.07751046,MEDIA,20.54,13.60637446,Cwb,1059.225,15.01,15.2,AGRICULTURA_TEMPORAL,1,ALTO,23.94010476,5.778937435,CAMINO_TERRACERIA,153494
Puebla,Zihuateutla,Zihuateutla,XIC,Xicotepec y Cañón de San Marcos,1,1067,20.24962111,-97.88639667,RH27Bb,R. Necaxa,900.78 ,984,27.64402797,60.41487731,LADERA,17.70781283,MEDIA,17.96,13.36350812,Cwb,1059.225,15.01,15.2,AGRICULTURA_TEMPORAL,1,ALTO,26.62306638,7.976059995,CAMINO_TERRACERIA,153455
Puebla,Ahuacatlán,Ahuacatlán,ZAC,Zacatlán y Cañadas Orientales,1,1275,20.00546611,-97.86069889,RH27Bc,R. Laxaxalpan,1608.95 ,1307,17.85905045,41.61841076,LOMA,3.670252653,MEDIA,22.38,12.84680856,Cwb,1059.225,15.01,15.2,AGRICULTURA_TEMPORAL,1,ALTO,0.403848956,7.512801057,CAMINO_TERRACERIA,158871
Puebla,Ahuacatlán,Coaltepec (San Jerónimo),ZAC,Zacatlán y Cañadas Orientales,2,1535,20.00407278,-97.86593833,RH27Bc,R. Laxaxalpan,1608.95 ,1335,21.87685931,42.53487742,LADERA,3.539658464,MEDIA,22.8,13.01374467,Cwb,1059.225,15.01,15.2,AGRICULTURA_TEMPORAL,1,ALTO,0.042809563,8.058710289,CAMINO_TERRACERIA,158611
Puebla,Ahuacatlán,Eloxochitlán (San Marcos),ZAC,Zacatlán y Cañadas Orientales,3,1176,20.02433528,-97.87300111,RH27Bc,R. Laxaxalpan,1608.95 ,1586,21.20778723,47.38396916,LADERA,1.211102525,MEDIA,24,13.50796708,Cwb,1059.225,15.01,15.2,AGRICULTURA_TEMPORAL,1,ALTO,2.202071156,9.088394682,CAMINO_TERRACERIA,158970
Puebla,Ahuacatlán,Tlacotepec (San Mateo),ZAC,Zacatlán y Cañadas Orientales,5,2695,20.06177944,-97.84948861,RH27Bc,R. Laxaxalpan,1608.95 ,1343,17.62913209,39.68718065,LOMA,3.75281941,MEDIA,22.92,12.98213436,Cwb,1059.225,15.01,15.2,AGRICULTURA_TEMPORAL,1,ALTO,6.035350027,9.043900567,CARRETERA_ESTATAL,157451
Puebla,Ahuacatlán,Tlayehualancingo (San Andrés),ZAC,Zacatlán y Cañadas Orientales,6,1163,20.03273278,-97.83000278,RH27Bc,R. Laxaxalpan,1608.95 ,1436,18.23485818,32.56729314,LADERA,4.987660888,MEDIA,24,12.85513825,Cwb,1059.225,15.01,15.2,AGRICULTURA_TEMPORAL,1,ALTO,3.623123083,5.371316697,CARRETERA_ESTATAL,158983
Puebla,Ahuacatlán,Xochicuautla,ZAC,Zacatlán y Cañadas Orientales,8,1389,20.05435111,-97.88959056,RH27Bc,R. Laxaxalpan,1608.95 ,1515,17.94172876,54.13833224,LOMA,0.679100738,MEDIA,24,12.94289242,Cwb,1059.225,15.01,15.2,AGRICULTURA_TEMPORAL,1,ALTO,4.883055323,11.93861138,CAMINO_TERRACERIA,158757
Puebla,Ahuazotepec,Ahuazotepec,ZAC,Zacatlán y Cañadas Orientales,1,2633,20.04604667,-98.1623475,RH27Bb,R. Necaxa,900.78 ,2284,4.825088428,11.65237636,MESETA,22.84689507,CABECERA,24,13.33678165,Cwb,1059.225,15.01,15.2,AGRICULTURA_TEMPORAL,1,ALTO,7.875024749,26.42238415,CARRETERA_FEDERAL,151889
Puebla,Ahuazotepec,Beristáin,ZAC,Zacatlán y Cañadas Orientales,4,2302,20.08848194,-98.13321917,RH27Bb,R. Necaxa,900.78 ,2184,6.456053303,22.47041332,MESETA,23.81895589,CABECERA,24,12.58625254,Cwb,1059.225,15.01,15.2,AGRICULTURA_TEMPORAL,1,ALTO,9.925370688,25.67767491,CARRETERA_FEDERAL,152220
Puebla,Ahuazotepec,Laguna Seca,ZAC,Zacatlán y Cañadas Orientales,6,1015,20.0391375,-98.12218972,RH27Bb,R. Necaxa,900.78 ,2254,4.993408894,16.44529792,MESETA,19.50667236,CABECERA,24,12.34604695,Cwb,1059.225,15.01,15.2,AGRICULTURA_TEMPORAL,1,ALTO,4.42831229,23.81196322,CARRETERA_FEDERAL,153507
Puebla,Cuautempan,Ixtolco de Morelos,ZAC,Zacatlán y Cañadas Orientales,4,1156,19.90446889,-97.81818806,RH27Bd,R. Tecuantepec,1056.34 ,1557,14.02718131,63.73606073,LOMA,0.440954616,BAJA,7.62,12.6527121,Cwb,1059.225,15.01,15.2,AGRICULTURA_TEMPORAL,1,ALTO,0.010010868,9.57333866,BRECHA,26717
Puebla,Cuautempan,San Esteban Cuautempan,ZAC,Zacatlán y Cañadas Orientales,1,1232,19.91263833,-97.79624111,RH27Bd,R. Tecuantepec,1056.34 ,1520,15.38895597,33.51351626,LOMA,2.543753269,BAJA,7.06,13.16281282,Aw,1402.56,18.61,0,PASTIZAL,2,ALTO,0.003677941,10.17741551,BRECHA,26641
Puebla,Tepetzintla,Tepetzintla,ZAC,Zacatlán y Cañadas Orientales,1,1192,19.96708583,-97.84097528,RH27Bd,R. Tecuantepec,1056.34 ,1701,24.69503257,48.82551495,LADERA,3.488884508,MEDIA,9.77,13.51738604,Cwb,1059.225,15.01,15.2,AGRICULTURA_TEMPORAL,1,ALTO,0.009476071,6.811434274,CARRETERA_ESTATAL,26681
Puebla,Tepetzintla,Tlamanca de Hernández,ZAC,Zacatlán y Cañadas Orientales,10,2062,19.95340833,-97.81225722,RH27Bd,R. Tecuantepec,1056.34 ,1366,14.99080912,63.17034238,LOMA,0.644035493,BAJA,4.75,13.6302821,Aw,1402.56,18.61,0,PASTIZAL,2,ALTO,0.011545535,6.119316881,CAMINO_TERRACERIA,25811
Puebla,Tepetzintla,Tonalixco,ZAC,Zacatlán y Cañadas Orientales,6,1453,19.98184972,-97.83999972,RH27Bd,R. Tecuantepec,1056.34 ,1697,23.92855076,49.69422894,LADERA,4.929345703,MEDIA,9.72,13.64747502,Cwb,1059.225,15.01,15.2,AGRICULTURA_TEMPORAL,1,ALTO,0.012150527,5.878260141,BRECHA,26420
Puebla,Tepetzintla,Xochitlaxco (San Baltazar),ZAC,Zacatlán y Cañadas Orientales,5,1312,19.9418325,-97.86312028,RH27Bd,R. Tecuantepec,1056.34 ,1963,28.75099564,45.75629002,LADERA,0.942282474,CABECERA,13.7,13.43951464,Cwb,1059.225,15.01,15.2,AGRICULTURA_TEMPORAL,1,ALTO,0.008676694,10.38830254,BRECHA,26561
Puebla,Tetela de Ocampo,Benito Juárez,ZAC,Zacatlán y Cañadas Orientales,3,1420,19.81510917,-97.78820444,RH27Bd,R. Tecuantepec,1056.34 ,1831,16.20294971,35.50839831,LOMA,2.526728506,MEDIA,11.72,13.04963764,Aw,1402.56,18.61,0,PASTIZAL,2,ALTO,0.010549593,2.682537139,CARRETERA_ESTATAL,26453
Puebla,Tetela de Ocampo,Ciudad de Tetela de Ocampo,ZAC,Zacatlán y Cañadas Orientales,1,5612,19.81675806,-97.80597222,RH27Bd,R. Tecuantepec,1056.34 ,1742,8.911483957,25.82642193,LOMA,0.733684899,MEDIA,10.39,12.80533607,Aw,1402.56,18.61,0,PASTIZAL,2,ALTO,0.00946104,0.819273307,BRECHA,22261
Puebla,Tetela de Ocampo,Cuapancingo,ZAC,Zacatlán y Cañadas Orientales,6,1051,19.82339333,-97.85460111,RH27Bd,R. Tecuantepec,1056.34 ,1794,11.53757607,34.78086166,LOMA,0.400400891,MEDIA,11.17,12.94290169,Cwb,1059.225,15.01,15.2,AGRICULTURA_TEMPORAL,1,ALTO,0.015634327,4.332126522,CAMINO_TERRACERIA,26822
Puebla,Tetela de Ocampo,San Nicolás (Cuarta Sección),ZAC,Zacatlán y Cañadas Orientales,15,1346,19.83763833,-97.81779222,RH27Bd,R. Tecuantepec,1056.34 ,1711,8.9641842,29.48844316,LOMA,0.249907394,MEDIA,9.93,12.51806187,Cwb,1059.225,15.01,15.2,AGRICULTURA_TEMPORAL,1,ALTO,0.014554252,2.167433043,BRECHA,26527
Puebla,Tetela de Ocampo,San Nicolás (Tercera Sección),ZAC,Zacatlán y Cañadas Orientales,62,1701,19.8317875,-97.804305,RH27Bd,R. Tecuantepec,1056.34 ,1743,8.962824155,29.70727824,LOMA,0.937090708,MEDIA,10.4,13.06280406,Aw,1402.56,18.61,0,PASTIZAL,2,ALTO,0.010107197,1.76034527,BRECHA,26172
Puebla,Tetela de Ocampo,Zoyatitla,ZAC,Zacatlán y Cañadas Orientales,32,1387,19.82075194,-97.81535972,RH27Bd,R. Tecuantepec,1056.34 ,1732,8.063242538,27.73200888,LOMA,0.378482868,MEDIA,10.24,13.24780375,Cwb,1059.225,15.01,15.2,AGRICULTURA_TEMPORAL,1,ALTO,0.011651537,0.307028258,BRECHA,26486
Puebla,Zacatlán,Atzingo (La Cumbre),ZAC,Zacatlán y Cañadas Orientales,4,4226,19.97827528,-97.97000583,RH27Bc,R. Laxaxalpan,1608.95 ,2144,6.080889398,15.39134764,MESETA,5.32714222,CABECERA,24,13.13790093,Cwb,1059.225,15.01,15.2,AGRICULTURA_TEMPORAL,1,ALTO,0.022678972,16.41754233,BRECHA,155920
Puebla,Zacatlán,Camotepec,ZAC,Zacatlán y Cañadas Orientales,7,2601,20.04737722,-98.06842083,RH27Bb,R. Necaxa,900.78 ,2479,6.164167315,18.33121631,MESETA,17.01737956,CABECERA,24,12.91982033,Cwb,1059.225,15.01,15.2,AGRICULTURA_TEMPORAL,1,ALTO,5.316375388,23.0955613,CARRETERA_FEDERAL,151921
Puebla,Zacatlán,Jicolapa,ZAC,Zacatlán y Cañadas Orientales,15,4614,19.96638806,-97.97228917,RH27Bc,R. Laxaxalpan,1608.95 ,2118,5.786602907,19.57573686,MESETA,4.185967383,CABECERA,24,12.93707645,Cwb,1059.225,15.01,15.2,AGRICULTURA_TEMPORAL,1,ALTO,0.022076591,15.11058654,BRECHA,155532
Puebla,Zacatlán,Jilotzingo,ZAC,Zacatlán y Cañadas Orientales,16,2297,20.03162806,-97.90147528,RH27Bc,R. Laxaxalpan,1608.95 ,1669,14.02217742,52.67572606,LOMA,0.90157544,MEDIA,24,12.69323951,Cwb,1059.225,15.01,15.2,AGRICULTURA_TEMPORAL,1,ALTO,2.588698578,12.17449656,CAMINO_TERRACERIA,157849
Puebla,Zacatlán,Las Lajas (Segunda Sección),ZAC,Zacatlán y Cañadas Orientales,17,1113,19.99524139,-98.07483972,RH27Bb,R. Necaxa,900.78 ,2528,3.795541537,10.8798603,MESETA,12.65624994,CABECERA,24,13.14998824,Cwb,1059.225,15.01,15.2,AGRICULTURA_TEMPORAL,1,ALTO,0.100191104,17.55792309,CARRETERA_FEDERAL,153409
Puebla,Zacatlán,Maquixtla,ZAC,Zacatlán y Cañadas Orientales,18,1143,19.93075389,-97.98261806,RH27Bc,R. Laxaxalpan,1608.95 ,2237,7.921634152,23.02848766,LOMA,2.942197355,CABECERA,24,13.2756673,Cwb,1059.225,15.01,15.2,AGRICULTURA_TEMPORAL,1,ALTO,0.020280148,11.07136874,BRECHA,159003
Puebla,Zacatlán,San Cristóbal Xochimilpa,ZAC,Zacatlán y Cañadas Orientales,38,1138,20.06662056,-97.90737139,RH27Bc,R. Laxaxalpan,1608.95 ,1084,21.69403766,43.17599579,LADERA,0.365361414,MEDIA,19.03,12.94808376,Cwb,1059.225,15.01,15.2,AGRICULTURA_TEMPORAL,1,ALTO,6.494853964,14.22517687,CAMINO_TERRACERIA,159008
Puebla,Zacatlán,San Joaquín Tomatlán (San Isidro Tomatlán),ZAC,Zacatlán y Cañadas Orientales,48,1253,19.88036194,-97.98074611,RH27Bc,R. Laxaxalpan,1608.95 ,2214,8.968490839,43.79059388,LOMA,0.759551085,CABECERA,24,13.04039201,Cwb,1059.225,15.01,15.2,AGRICULTURA_TEMPORAL,1,ALTO,0.023443931,6.746833476,BRECHA,158893
Puebla,Zacatlán,San Miguel Tenango,ZAC,Zacatlán y Cañadas Orientales,29,1323,19.90641528,-97.9399125,RH27Bd,R. Tecuantepec,1056.34 ,1998,23.69723083,50.69850817,LADERA,0.662448683,CABECERA,14.23,13.11708264,Cwb,1059.225,15.01,15.2,AGRICULTURA_TEMPORAL,1,ALTO,0.009358466,11.84673386,CARRETERA_ESTATAL,26550
Puebla,Zacatlán,San Pedro Atmatla,ZAC,Zacatlán y Cañadas Orientales,28,2153,19.91105528,-97.96760194,RH27Bc,R. Laxaxalpan,1608.95 ,2110,6.582435384,18.41765373,MESETA,0.65346043,CABECERA,24,12.94044649,Cwb,1059.225,15.01,15.2,AGRICULTURA_TEMPORAL,1,ALTO,0.015940616,10.1548831,CAMINO_TERRACERIA,157993
Puebla,Zacatlán,Tepeixco,ZAC,Zacatlán y Cañadas Orientales,30,1337,20.02874278,-97.95781528,RH27Bc,R. Laxaxalpan,1608.95 ,1924,18.30700686,43.5338399,LADERA,5.589295037,CABECERA,24,13.15608138,Cwb,1059.225,15.01,15.2,AGRICULTURA_TEMPORAL,1,ALTO,2.566695377,17.88336893,CAMINO_TERRACERIA,158809
Puebla,Zacatlán,Tlatempa,ZAC,Zacatlán y Cañadas Orientales,35,2364,19.94619639,-97.93766917,RH27Bc,R. Laxaxalpan,1608.95 ,2051,3.241329676,10.50164577,MESETA,1.679109192,CABECERA,24,12.18587612,Cwb,1059.225,15.01,15.2,AGRICULTURA_TEMPORAL,1,ALTO,0.008721805,15.16116388,BRECHA,157782
Puebla,Zacatlán,Tomatlán,ZAC,Zacatlán y Cañadas Orientales,36,2181,19.89389556,-97.973545,RH27Bc,R. Laxaxalpan,1608.95 ,2156,5.283218916,15.24770502,MESETA,0.422363854,CABECERA,24,12.38418446,Cwb,1059.225,15.01,15.2,AGRICULTURA_TEMPORAL,1,ALTO,0.010959199,8.351346709,BRECHA,157965
Puebla,Zacatlán,Xoxonacatla,ZAC,Zacatlán y Cañadas Orientales,40,2282,20.01008333,-97.93836694,RH27Bc,R. Laxaxalpan,1608.95 ,1982,12.38204585,42.25965277,LOMA,2.913954349,CABECERA,24,12.65955008,Cwb,1059.225,15.01,15.2,AGRICULTURA_TEMPORAL,1,ALTO,0.571003048,15.6499902,CARRETERA_ESTATAL,157864
Puebla,Zacatlán,Zacatlán,ZAC,Zacatlán y Cañadas Orientales,1,39203,19.932365,-97.96024444,RH27Bc,R. Laxaxalpan,1608.95 ,2040,8.993044824,45.55149271,LOMA,0.593964939,CABECERA,24,13.4580951,Cwb,1059.225,15.01,15.2,AGRICULTURA_TEMPORAL,1,ALTO,0.012126994,12.48059457,BRECHA,120943
Hidalgo,Metztitlán,Fontezuelas,ZAH,Zacualtipán y Sierra Alta Hidalguense,15,1072,20.48915639,-98.87366167,RH26Ds,R. Amajac,4065.23 ,2041,12.7303925,30.60976881,LOMA,38.28665707,MEDIA,10.02,12.91821699,Cwb,1146.885,16.26,12.7,PASTIZAL,2,ALTO,96.93216748,65.54354937,CARRETERA_FEDERAL,26398
Hidalgo,Metztitlán,Metztitlán,ZAH,Zacualtipán y Sierra Alta Hidalguense,1,3274,20.5947,-98.76414444,RH26Dv,R. Metztitlán,2821.42 ,1308,10.23737384,31.0129973,LOMA,22.45977133,BAJA,4.75,12.98992831,Cwb,1146.885,16.26,12.7,PASTIZAL,2,ALTO,95.32201262,75.94099228,CARRETERA_FEDERAL,270833
Hidalgo,San Agustín Metzquititlán,Carpinteros,ZAH,Zacualtipán y Sierra Alta Hidalguense,6,1476,20.58608472,-98.53843778,RH26Dw,R. Calabozo,2154.50 ,1945,8.073189891,32.75826324,LOMA,9.997035829,CABECERA,24,12.52690724,Cwb,1146.885,16.26,12.7,PASTIZAL,2,ALTO,79.15833078,69.98665884,CARRETERA_FEDERAL,33654
Hidalgo,San Agustín Metzquititlán,Mezquititlán,ZAH,Zacualtipán y Sierra Alta Hidalguense,1,1788,20.53260194,-98.63862111,RH26Dv,R. Metztitlán,2821.42 ,1365,10.32671103,31.81600938,LOMA,18.18357681,BAJA,5.6,13.0423439,Cwb,1146.885,16.26,12.7,PASTIZAL,2,ALTO,81.19534168,68.61097122,CARRETERA_FEDERAL,272319
Hidalgo,Tianguistengo,Polintotla,ZAH,Zacualtipán y Sierra Alta Hidalguense,33,1038,20.76467222,-98.50857417,RH26Dw,R. Calabozo,2154.50 ,1314,22.92212636,42.02373727,LADERA,3.560797664,MEDIA,18.92,13.38920486,Aw,1179.7575,20.17,2.5,PASTIZAL,2,ALTO,94.64445325,79.63254742,CARRETERA_FEDERAL,34092
Hidalgo,Zacualtipán de Ángeles,Atopixco,ZAH,Zacualtipán y Sierra Alta Hidalguense,3,1237,20.60222472,-98.60788111,RH26Dv,R. Metztitlán,2821.42 ,2042,5.985146682,14.19128003,MESETA,9.796923921,MEDIA,15.76,12.94951456,Cwb,1146.885,16.26,12.7,PASTIZAL,2,ALTO,84.9286102,76.58621811,CARRETERA_FEDERAL,272870
Hidalgo,Zacualtipán de Ángeles,Zacualtipán,ZAH,Zacualtipán y Sierra Alta Hidalguense,1,29472,20.64518139,-98.65362694,RH26Dw,R. Calabozo,2154.50 ,1976,7.640627394,21.48247147,MESETA,9.642734719,CABECERA,24,12.63255815,Cwb,1146.885,16.26,12.7,PASTIZAL,2,ALTO,91.63025563,81.06140528,CARRETERA_FEDERAL,5658
